,descricao_detalhada,marca,departamento_macro,departamento,categoria_familia,tipo_produto,subtipo_funcao,segmento_mercado,publico_ou_tom,grupo_navegacao,apresentacao_publico
0,SHAMPOO LORÉAL PARIS ELSEVE LISO DOS SONHOS 200ML,ELSEVE,NAO MEDICAMENTO,BELEZA,CUIDADO CAPILAR,SHAMPOO,TRADICIONAL,INTERMEDIARIO,FEMININO,,
1,SHAMPOO ANTICASPA HEAD & SHOULDERS MEN MENTHOL SPORT 400ML,HEAD & SHOULDERS,NAO MEDICAMENTO,BELEZA,CUIDADO CAPILAR,SHAMPOO,ANTICASPA,ANTICASPA,FEMININO,,
2,SHAMPOO AMORÁVEL AVIADOR 200ML/POMADA CAPILAR AVIADOR MATTE 80G,AMORAVEL,NAO MEDICAMENTO,BELEZA,CUIDADO CAPILAR,SHAMPOO,TRADICIONAL,PREMIUM,MASCULINO,,
3,SH OPUS SALON COLOR PROTECT 350ML,SALON OPUS,NAO MEDICAMENTO,BELEZA,CUIDADO CAPILAR,SHAMPOO,TRADICIONAL,BASICO,FEMININO,,
4,SHAMPOO BIORENE HIDRAFORTE 250ML,BIORENE,NAO MEDICAMENTO,BELEZA,CUIDADO CAPILAR,SHAMPOO,TRADICIONAL,BASICO,FEMININO,,
5,SHAMPOO CLEAR COOL MENTOL COM 200ML,CLEAR,NAO MEDICAMENTO,BELEZA,CUIDADO CAPILAR,SHAMPOO,ANTICASPA,ANTICASPA,FEMININO,,
6,SHAMPOO+CONDICIONADOR HEAD&SHOULDERS PROTEÇÃO CONTRA QUEDA 200ML,HEAD & SHOULDERS,NAO MEDICAMENTO,BELEZA,CUIDADO CAPILAR,SHAMPOO,ANTICASPA,ANTICASPA,FEMININO,,
7,SHAMPOO SALON LINE HIDRA ORIGINAL 300ML + CONDICIONADOR SALON LINE HIDRA ORIGINAL 300ML,SALON LINE,NAO MEDICAMENTO,BELEZA,CUIDADO CAPILAR,SHAMPOO,TRADICIONAL,BASICO,FEMININO,,
8,SH VITA A TUTANO 300ML,TUTANO,NAO MEDICAMENTO,BELEZA,CUIDADO CAPILAR,SHAMPOO,TRADICIONAL,BASICO,FEMININO,,
9,KIT MONSTER SH+COND HIDRATACAO 250ML,MONSTER HIGH,NAO MEDICAMENTO,BELEZA,CUIDADO CAPILAR,SHAMPOO,TRADICIONAL,BASICO,FEMININO,,
10,SHAMPOO EUDORA SIAGE NUTRI OURO 250ML,SIAGE,NAO MEDICAMENTO,BELEZA,CUIDADO CAPILAR,SHAMPOO,TRADICIONAL,PREMIUM,FEMININO,,
11,SHAMPOO EUME LISOS 250ML,EUME,NAO MEDICAMENTO,BELEZA,CUIDADO CAPILAR,SHAMPOO,TRADICIONAL,INTERMEDIARIO,FEMININO,,
12,SH CO LOVE BEAUTY PLANET HOP REP 300ML,LOVE BEAUTY & PLANET,NAO MEDICAMENTO,BELEZA,CUIDADO CAPILAR,SHAMPOO,TRADICIONAL,BASICO,FEMININO,,
13,SHAMPOO KERIUM ANTICASPA SECO 200ML,LA ROCHE POSAY,NAO MEDICAMENTO,DERMO,CUIDADO CAPILAR,SHAMPOO,ANTICASPA,NAO DEFINIDO,NAO DEFINIDO,,
14,SH DE BARB DR JONES CARV VEG 140ML,DR JONES,NAO MEDICAMENTO,BELEZA,CUIDADO CAPILAR,SHAMPOO,TRADICIONAL,BASICO,FEMININO,,
15,SHAMPOO NUTRI PREENCHEDOR ELSEVE CACHOS LONGOS DOS SONHOS 200ML,ELSEVE,NAO MEDICAMENTO,BELEZA,CUIDADO CAPILAR,SHAMPOO,TRADICIONAL,INTERMEDIARIO,FEMININO,,
16,SHAMPOO NICK VICK NUTRI RAÍZES E PONTAS EQUILIBRADAS AMORA E CALÊNDULA 300ML,NICK & VICK,NAO MEDICAMENTO,BELEZA,CUIDADO CAPILAR,SHAMPOO,TRADICIONAL,SUPER PREMIUM,FEMININO,,
17,SHAMPOO SEDA ESCOVA PROTECT/ POS ALISAMENTO QUIMICO 350ML,SEDA,NAO MEDICAMENTO,BELEZA,CUIDADO CAPILAR,SHAMPOO,TRADICIONAL,BASICO,FEMININO,,
18,SH BIOEXTRATUS BOTICA ALGAS 270ML,BIO EXTRATUS,NAO MEDICAMENTO,BELEZA,CUIDADO CAPILAR,SHAMPOO,TRADICIONAL,BASICO,FEMININO,,
19,KIT COM 02 SHAMPOO CLEAR ICE ICE COOL MENTHOL 200ML DESCONTO ESPECIAL,CLEAR,NAO MEDICAMENTO,BELEZA,CUIDADO CAPILAR,SHAMPOO,ANTICASPA,ANTICASPA,FEMININO,,
20,SHAMPOO DUCRAY ANAPHASE+ ANTIQUEDA 100ML,DUCRAY,NAO MEDICAMENTO,DERMO,CUIDADO CAPILAR,SHAMPOO,ANTIQUEDA,TODO TIPO DE PELE,LOCAO,,
21,SHAMPOO A SECO BATISTE ORIGINAL 200ML,BATISTE,NAO MEDICAMENTO,BELEZA,CUIDADO CAPILAR,SHAMPOO,A SECO,PREMIUM,FEMININO,,
22,SHAMPOO AMEND MATIZADOR SPECIALIST BLONDE 250ML,AMEND,NAO MEDICAMENTO,BELEZA,CUIDADO CAPILAR,SHAMPOO,TRADICIONAL,PREMIUM,FEMININO,,
23,SHAMPOO AUSSIE SUMMER CRUSH 180ML,AUSSIE,NAO MEDICAMENTO,BELEZA,CUIDADO CAPILAR,SHAMPOO,TRADICIONAL,PREMIUM,FEMININO,,
24,SHAMPOO DAUF LISOS ÁCIDO HIALURÔNICO 300ML,DAUF,NAO MEDICAMENTO,BELEZA,CUIDADO CAPILAR,SHAMPOO,TRADICIONAL,INTERMEDIARIO,FEMININO,,
25,SHAMPOO HEAD & SHOULDERS CRESCIMENTO 200ML COM 2 UNIDADES PREÇO ESPECIAL,HEAD & SHOULDERS,NAO MEDICAMENTO,BELEZA,CUIDADO CAPILAR,SHAMPOO,ANTIQUEDA,ANTICASPA,FEMININO,,
26,SHAMPOO MIDOLLO DI BAMBOO 250ML,MIDOLLO DI BAMBOO,NAO MEDICAMENTO,BELEZA,CUIDADO CAPILAR,SHAMPOO,TRADICIONAL,PREMIUM,FEMININO,,
27,DERCOS ENERGIZANTE SHAMPOO ANTIQUEDA REFIL 200ML,VICHY,NAO MEDICAMENTO,DERMO,CUIDADO CAPILAR,SHAMPOO,ANTIQUEDA,TODO TIPO DE PELE,LOCAO,,
28,SHAMPOO OX PLANTS ANTI+COND PLANTS HID,OX,NAO MEDICAMENTO,BELEZA,CUIDADO CAPILAR,SHAMPOO,TRADICIONAL,INTERMEDIARIO,FEMININO,,
29,SHAMPOO OX RAIZES GENGIBRE 300ML,OX,NAO MEDICAMENTO,BELEZA,CUIDADO CAPILAR,SHAMPOO,TRADICIONAL,INTERMEDIARIO,FEMININO,,
30,SHAMPOO ÉH CABELOS CACHEADOS 300ML,EH,NAO MEDICAMENTO,BELEZA,CUIDADO CAPILAR,SHAMPOO,TRADICIONAL,PREMIUM,FEMININO,,
31,SH CAPICILIN BOMBA NUTRITIVA 250ML,CAPICILIN,NAO MEDICAMENTO,BELEZA,CUIDADO CAPILAR,SHAMPOO,HIDRATANTE,BASICO,FEMININO,,
32,SHAMPOO DERCOS NUTRI REPARADOR 200ML,VICHY,NAO MEDICAMENTO,DERMO,CUIDADO CAPILAR,SHAMPOO,REPARADOR,NAO DEFINIDO,NAO DEFINIDO,,
33,KIT REGENERAÇÃO E LUMINOSIDADE SHAMPOO 300ML + CONDICIONADOR 190ML,SEDA,NAO MEDICAMENTO,BELEZA,CUIDADO CAPILAR,SHAMPOO,TRADICIONAL,BASICO,FEMININO,,
34,SH SALON LINE MEU LISO RESTAURACAO,SALON LINE,NAO MEDICAMENTO,BELEZA,CUIDADO CAPILAR,SHAMPOO,PRE SHAMPOO,PREMIUM,FEMININO,,
35,KIT SHAMPOO ANTISSAL 275ML + CONDICIONADOR 175ML QUERATINA V E CERAMIDA NIELY GOLD RECONSTRUÇÃO POTENTE,NIELY GOLD,NAO MEDICAMENTO,BELEZA,CUIDADO CAPILAR,SHAMPOO,TRADICIONAL,BASICO,FEMININO,,
36,SHAMPOO DOVE ÓLEO NUTRIÇÃO 400ML,DOVE,NAO MEDICAMENTO,BELEZA,CUIDADO CAPILAR,SHAMPOO,TRADICIONAL,INTERMEDIARIO,FEMININO,,
37,SH INOAR ARGAN OIL THERMOLISS 240ML,INOAR,NAO MEDICAMENTO,BELEZA,CUIDADO CAPILAR,SHAMPOO,TRADICIONAL,BASICO,FEMININO,,
38,SHAMPOO ANTICASPA MENTOL 3X1 BOZZANO FRASCO 325ML,BOZZANO,NAO MEDICAMENTO,BELEZA,CUIDADO CAPILAR,SHAMPOO,ANTICASPA,RAIZ,GERAL,,
39,SHAMPOO KERIUM ANTICASPA DS INTENSIVO 125ML+KERIUM MASCARA CAPILAR 200ML GANHE 50% DE DESCONTO NO KERIUM DS,LA ROCHE POSAY,NAO MEDICAMENTO,DERMO,CUIDADO CAPILAR,SHAMPOO,ANTICASPA,NAO DEFINIDO,NAO DEFINIDO,,
40,KIT PANTENE RESTAURAÇÃO SHAMPOO COM 350ML + CONDICIONADOR COM 175ML,PANTENE,NAO MEDICAMENTO,BELEZA,CUIDADO CAPILAR,SHAMPOO,TRADICIONAL,INTERMEDIARIO,FEMININO,,
41,SH ACQUAFLORA NUT CELULAR 300ML,ACQUAFLORA,NAO MEDICAMENTO,BELEZA,CUIDADO CAPILAR,SHAMPOO,TRADICIONAL,BASICO,FEMININO,,
42,SHAMPOO PANTENE LISO EXTREMO 400ML,PANTENE,NAO MEDICAMENTO,BELEZA,CUIDADO CAPILAR,SHAMPOO,TRADICIONAL,INTERMEDIARIO,FEMININO,,
43,SHAMPOO DOVE CACHOS CONTROLADOS 200ML,DOVE,NAO MEDICAMENTO,BELEZA,CUIDADO CAPILAR,SHAMPOO,TRADICIONAL,INTERMEDIARIO,FEMININO,,
44,CONDICIONADOR DUCRAY ANAPHASE+ ANTIQUEDA 200ML,DUCRAY,NAO MEDICAMENTO,DERMO,CUIDADO CAPILAR,SHAMPOO,ANTIQUEDA,TODO TIPO DE PELE,LOCAO,,
45,SHAMPOO LOCCITANE AU BRÉSIL PATAUÁ PROTEÇÃO DA COR 250ML,LOCCITANE,NAO MEDICAMENTO,BELEZA,CUIDADO CAPILAR,SHAMPOO,TRADICIONAL,PREMIUM,FEMININO,,
46,KIT SH+COND FRUCTIS APAG DAN 400ML+200ML,GARNIER,NAO MEDICAMENTO,BELEZA,CUIDADO CAPILAR,SHAMPOO,TRADICIONAL,BASICO,FEMININO,,
47,SHAMPOO PANTENE LISO EXTREMO 200ML,PANTENE,NAO MEDICAMENTO,BELEZA,CUIDADO CAPILAR,SHAMPOO,TRADICIONAL,INTERMEDIARIO,FEMININO,,
48,SHP+COND OX SPORT+TOALHA,OX,NAO MEDICAMENTO,BELEZA,CUIDADO CAPILAR,SHAMPOO,TRADICIONAL,INTERMEDIARIO,FEMININO,,
49,SHAMPOO TRESEMMÉ BRILHO LAMELAR BLEND DE ÓLEOS 650ML,TRESEMME,NAO MEDICAMENTO,BELEZA,CUIDADO CAPILAR,SHAMPOO,TRADICIONAL,INTERMEDIARIO,FEMININO,,
50,FIXADOR CAPILAR AMEND FORTE VALORIZE 400ML,AMEND,NAO MEDICAMENTO,BELEZA,CUIDADO CAPILAR,MODELADOR CAPILAR,AEROSOL,PREMIUM,FEMININO,,
51,MOUSSE JOHN FRIEDA TOUCHABLY FULL VOLUME 250ML,JOHN FRIEDA,NAO MEDICAMENTO,BELEZA,CUIDADO CAPILAR,MODELADOR CAPILAR,MOUSSE,PREMIUM,FEMININO,,
52,ATIVADOR DE CACHOS SALON LINE OLEO DE MANGA 300ML,SALON LINE,NAO MEDICAMENTO,BELEZA,CUIDADO CAPILAR,MODELADOR CAPILAR,CREME,BASICO,FEMININO,,
53,CREME MANTEIGA MODELADORA LOLA FROM RIO PLOT TWIST NUT BUTTERCREAM 480G,LOLA,NAO MEDICAMENTO,BELEZA,CUIDADO CAPILAR,MODELADOR CAPILAR,MANTEIGA,PREMIUM,FEMININO,,
54,GEL CAPILAR FIXADOR DOVE MEN + CARE 150G,DOVE,NAO MEDICAMENTO,BELEZA,CUIDADO CAPILAR,MODELADOR CAPILAR,GEL,INTERMEDIARIO,MASCULINO,,
55,FIXADOR CAPILAR EMY FIXAÇÃO NORMAL AEROSOL 250ML,EMY,NAO MEDICAMENTO,BELEZA,CUIDADO CAPILAR,MODELADOR CAPILAR,AEROSOL,BASICO,FEMININO,,
56,POMADA MODELADORA EUDORA SIÀGE MEN EFEITO MATTE FIXAÇÃO DURADOURA 90G,SIAGE,NAO MEDICAMENTO,BELEZA,CUIDADO CAPILAR,MODELADOR CAPILAR,POMADA,PREMIUM,MASCULINO,,
57,POMADA CAPILAR AMORAVEL RETRÔ 40G,AMORAVEL,NAO MEDICAMENTO,BELEZA,CUIDADO CAPILAR,MODELADOR CAPILAR,POMADA,BASICO,FEMININO,,
58,MOUSSE MODELADORA KARINA EXTRAFORTE 150ML,KARINA,NAO MEDICAMENTO,BELEZA,CUIDADO CAPILAR,MODELADOR CAPILAR,MOUSSE,INTERMEDIARIO,FEMININO,,
59,FIXADOR PARA CABELOS CHARMING HAIR FORTE SPRAY 150ML,CHARMING,NAO MEDICAMENTO,BELEZA,CUIDADO CAPILAR,MODELADOR CAPILAR,SPRAY,PREMIUM,FEMININO,,
60,MOUSSE EMY CAUTERIZANTE AEROSOL 170ML,EMY,NAO MEDICAMENTO,BELEZA,CUIDADO CAPILAR,MODELADOR CAPILAR,MOUSSE,BASICO,FEMININO,,
61,MOUSSE MODELADORA KARINA NORMAL 150ML,KARINA,NAO MEDICAMENTO,BELEZA,CUIDADO CAPILAR,MODELADOR CAPILAR,MOUSSE,INTERMEDIARIO,FEMININO,,
62,GEL CAP NATUHAIR QUERATINA GEL 120G,NATU HAIR,NAO MEDICAMENTO,BELEZA,CUIDADO CAPILAR,MODELADOR CAPILAR,GEL,BASICO,FEMININO,,
63,MODELADOR KOLENE DAY AFTER  SUPERFINALIZADORES AZUL 300ML,KOLENE,NAO MEDICAMENTO,BELEZA,CUIDADO CAPILAR,MODELADOR CAPILAR,DEFRIZANTE,BASICO,FEMININO,,
64,ATIVADOR CACHOS BIO EXTRATUS BIOTT 150G,BIO EXTRATUS,NAO MEDICAMENTO,BELEZA,CUIDADO CAPILAR,MODELADOR CAPILAR,CREME,INTERMEDIARIO,FEMININO,,
65,FIXADOR CAPILAR CARE LISS EXTRA FORTE SPRAY 250ML,CARE LISS,NAO MEDICAMENTO,BELEZA,CUIDADO CAPILAR,MODELADOR CAPILAR,SPRAY,BASICO,FEMININO,,
66,FINALIZADOR BED HEAD FOXY CURLS MOUSSE 250ML,BED HEAD,NAO MEDICAMENTO,BELEZA,CUIDADO CAPILAR,MODELADOR CAPILAR,MOUSSE,PREMIUM,FEMININO,,
67,GEL MATTE GO 50GR,GO,NAO MEDICAMENTO,BELEZA,CUIDADO CAPILAR,MODELADOR CAPILAR,MOUSSE,PREMIUM,FEMININO,,
68,FIXADOR CAPILAR NY LOOKS ROSA GEL 240G,NY LOOKS,NAO MEDICAMENTO,BELEZA,CUIDADO CAPILAR,MODELADOR CAPILAR,GEL,BASICO,FEMININO,,
69,HAIR SPRAY AMEND ULTRA FORTE VALORIZE 400ML,AMEND,NAO MEDICAMENTO,BELEZA,CUIDADO CAPILAR,MODELADOR CAPILAR,AEROSOL,PREMIUM,FEMININO,,
70,MOUSSE TRESEMME EXTRA FIRME 300ML,TRESEMME,NAO MEDICAMENTO,BELEZA,CUIDADO CAPILAR,MODELADOR CAPILAR,MOUSSE,INTERMEDIARIO,FEMININO,,
71,FIXADOR CAPILAR CHARMING HAIR EXTRA FORTE 72H SPRAY 50ML,CHARMING,NAO MEDICAMENTO,BELEZA,CUIDADO CAPILAR,MODELADOR CAPILAR,SPRAY,PREMIUM,FEMININO,,
72,LOLA UMIDIFICADOR DE CACHOS  QUE SABIA DEMAIS 250G,LOLA,NAO MEDICAMENTO,BELEZA,CUIDADO CAPILAR,MODELADOR CAPILAR,CREME,PREMIUM,FEMININO,,
73,GEL BIO EXTRATUS HOMEM 150G,BIO EXTRATUS,NAO MEDICAMENTO,BELEZA,CUIDADO CAPILAR,MODELADOR CAPILAR,MOUSSE,PREMIUM,FEMININO,,
74,FIXADOR CAPILAR CHARMING HAIR SPRAY FORTE COM 200ML,CHARMING,NAO MEDICAMENTO,BELEZA,CUIDADO CAPILAR,MODELADOR CAPILAR,SPRAY,PREMIUM,FEMININO,,
75,GEL GLITTER HELLO KITTY CORPO E CAB 180G,BETULLA,NAO MEDICAMENTO,BELEZA,CUIDADO CAPILAR,MODELADOR CAPILAR,MOUSSE,PREMIUM,FEMININO,,
76,GEL FIXADOR MAGIC STILL LIFE BLUE 240G,STILL LIFE,NAO MEDICAMENTO,BELEZA,CUIDADO CAPILAR,MODELADOR CAPILAR,MOUSSE,PREMIUM,FEMININO,,
77,FIXADOR CAPILAR NY LOOKS AZUL GEL 240G,NY LOOKS,NAO MEDICAMENTO,BELEZA,CUIDADO CAPILAR,MODELADOR CAPILAR,GEL,BASICO,FEMININO,,
78,FINALIZADOR NATUHAIR DESMAIA TOTAL 120ML,NATUHAIR,NAO MEDICAMENTO,BELEZA,CUIDADO CAPILAR,MODELADOR CAPILAR,MOUSSE,PREMIUM,FEMININO,,
79,POMADA CAPILAR CHARMING FIXAÇÃO EXTRA FORTE 50G,CHARMING,NAO MEDICAMENTO,BELEZA,CUIDADO CAPILAR,MODELADOR CAPILAR,POMADA,PREMIUM,FEMININO,,
80,POMADA MODELADORA GO 50GR,GO,NAO MEDICAMENTO,BELEZA,CUIDADO CAPILAR,MODELADOR CAPILAR,MOUSSE,PREMIUM,FEMININO,,
81,FIXADOR CAPILAR VITA CAPILI AZUL GEL 240G,MURIEL,NAO MEDICAMENTO,BELEZA,CUIDADO CAPILAR,MODELADOR CAPILAR,MOUSSE,PREMIUM,FEMININO,,
82,FIXADOR CAPILAR BOZZANO COLA MODELADORA 150G,BOZZANO,NAO MEDICAMENTO,BELEZA,CUIDADO CAPILAR,MODELADOR CAPILAR,GEL,BASICO,FEMININO,,
83,POMADA CAPILAR MODELADORA CHARMING 50G,CHARMING,NAO MEDICAMENTO,BELEZA,CUIDADO CAPILAR,MODELADOR CAPILAR,POMADA,PREMIUM,FEMININO,,
84,GELATINA SALON LINE TÔ DE CACHOS SUPER DEFINIÇÃO 550G,SALON LINE,NAO MEDICAMENTO,BELEZA,CUIDADO CAPILAR,MODELADOR CAPILAR,GEL,BASICO,FEMININO,,
85,POMADA CAPILAR AMORÁVEL AQUA 60G,AMORAVEL,NAO MEDICAMENTO,BELEZA,CUIDADO CAPILAR,MODELADOR CAPILAR,POMADA,BASICO,FEMININO,,
86,CRM CAP DE BAN FOREV VERN QUER HID 300ML,FOREVER LISS,NAO MEDICAMENTO,BELEZA,CUIDADO CAPILAR,MODELADOR CAPILAR,MOUSSE,PREMIUM,FEMININO,,
87,FIXADOR CAPILAR VITA CAPILI CRYSTAL GEL 240G,VITA CAPILI,NAO MEDICAMENTO,BELEZA,CUIDADO CAPILAR,MODELADOR CAPILAR,MOUSSE,PREMIUM,FEMININO,,
88,FIXADOR CAPILAR AMORÁVEL CRISTAL 250G,AMORAVEL,NAO MEDICAMENTO,BELEZA,CUIDADO CAPILAR,MODELADOR CAPILAR,GEL,BASICO,FEMININO,,
89,BRYLCREEM NORMAL 80G,BRYLCREEM,NAO MEDICAMENTO,BELEZA,CUIDADO CAPILAR,MODELADOR CAPILAR,MOUSSE,PREMIUM,FEMININO,,
90,GEL FIXADOR FIXED AZUL 250G,FIXED,NAO MEDICAMENTO,BELEZA,CUIDADO CAPILAR,MODELADOR CAPILAR,MOUSSE,PREMIUM,FEMININO,,
91,HAIR SPR CHARMING ARGAN 50ML,CHARMING,NAO MEDICAMENTO,BELEZA,CUIDADO CAPILAR,MODELADOR CAPILAR,MOUSSE,PREMIUM,FEMININO,,
92,FIXADOR CAPILAR WELLAPON GEL 150G,WELLAPON,NAO MEDICAMENTO,BELEZA,CUIDADO CAPILAR,MODELADOR CAPILAR,GEL,BASICO,FEMININO,,
93,PASTA MODEL POM BED HEAD CRM PURE 83G,BED HEAD,NAO MEDICAMENTO,BELEZA,CUIDADO CAPILAR,MODELADOR CAPILAR,MOUSSE,PREMIUM,FEMININO,,
94,FIXADOR CAPILAR KARINA SEM PERFUME SPRAY 250ML,KARINA,NAO MEDICAMENTO,BELEZA,CUIDADO CAPILAR,MODELADOR CAPILAR,SPRAY,PREMIUM,FEMININO,,
95,MOUSSE EMY PROTEÇÃO TÉRMICA AEROSOL 170ML,EMY,NAO MEDICAMENTO,BELEZA,CUIDADO CAPILAR,MODELADOR CAPILAR,MOUSSE,BASICO,FEMININO,,
96,POMADA CAPILAR AMORAVEL ALOEVERA PRO 60G,AMORAVEL,NAO MEDICAMENTO,BELEZA,CUIDADO CAPILAR,MODELADOR CAPILAR,POMADA,BASICO,FEMININO,,
97,BRILHANTINA TABU 52G,TABU,NAO MEDICAMENTO,BELEZA,CUIDADO CAPILAR,MODELADOR CAPILAR,MOUSSE,PREMIUM,FEMININO,,
98,GEL FIXADOR MAGIC STILL LIFE FRESH 240G,STILL LIFE,NAO MEDICAMENTO,BELEZA,CUIDADO CAPILAR,MODELADOR CAPILAR,MOUSSE,PREMIUM,FEMININO,,
99,FIXADOR CAPILAR ASPA HAIR SPRAY AEROSOL 250ML,ASPA,NAO MEDICAMENTO,BELEZA,CUIDADO CAPILAR,MODELADOR CAPILAR,SPRAY,BASICO,FEMININO,,
100,MÁSCARA VICHY DERCOS NUTRI-REPARADORA 200ML,VICHY,NAO MEDICAMENTO,DERMO,CUIDADO CAPILAR,TRATAMENTO CAPILAR,REPARADOR,MASCARA,NAO DEFINIDO,,
101,CREME DE PENTEAR FOLIFORT MASK 140G,FOLIFORT,NAO MEDICAMENTO,DERMO,CUIDADO CAPILAR,TRATAMENTO CAPILAR,HIDRATACAO,TODO TIPO DE PELE,CREME,,
102,PILEXIL LOÇÃO ANTIQUEDA SPRAY COM 120ML,PILEXIL,NAO MEDICAMENTO,DERMO,CUIDADO CAPILAR,TRATAMENTO CAPILAR,ANTIQUEDA,TODO TIPO DE PELE,LOCAO,,
103,LOÇÃO ANTIQUEDA ISDIN HAIRCARE 100ML,ISDIN,NAO MEDICAMENTO,DERMO,CUIDADO CAPILAR,TRATAMENTO CAPILAR,ANTIQUEDA,TODO TIPO DE PELE,LOCAO,,
104,SHAMPOO VICHY DERCOS COLLAGEN REPAIR 17 150G,DERCOS,NAO MEDICAMENTO,DERMO,CUIDADO CAPILAR,TRATAMENTO CAPILAR,REPARADOR,TODO TIPO DE PELE,CREME,,
105,DERCOS ENERGY+ SÉRUM CAPILAR ANTIQUEDA 50ML,DERCOS,NAO MEDICAMENTO,DERMO,CUIDADO CAPILAR,TRATAMENTO CAPILAR,ANTIQUEDA,TODO TIPO DE PELE,SERUM,,
106,DERCOS REEQUILIBRANTE VICHY SUPER AMPOLA 40ML,DERCOS,NAO MEDICAMENTO,DERMO,CUIDADO CAPILAR,TRATAMENTO CAPILAR,HIDRATACAO,TODO TIPO DE PELE,AMPOLA,,
107,PILEXIL LOÇÃO CAPILAR 125ML,PILEXIL,NAO MEDICAMENTO,DERMO,CUIDADO CAPILAR,TRATAMENTO CAPILAR,ANTIQUEDA,LOCAO,NAO DEFINIDO,,
108,DERCOS AMINACFIT COMBLEUR LOÇÃO CAPILAR 125MG,VICHY,NAO MEDICAMENTO,DERMO,CUIDADO CAPILAR,TRATAMENTO CAPILAR,ANTIQUEDA,LOCAO,NAO DEFINIDO,,
109,DERCOS SENSI SCALP VICHY SERUM 50ML,DERCOS,NAO MEDICAMENTO,DERMO,CUIDADO CAPILAR,TRATAMENTO CAPILAR,CALMANTE,TODO TIPO DE PELE,SERUM,,
110,ALPHA RT MEN ANTIQUEDA 45ML,MED STAR,NAO MEDICAMENTO,DERMO,CUIDADO CAPILAR,TRATAMENTO CAPILAR,ANTIQUEDA,LOCAO,NAO DEFINIDO,,
111,IMECAP HAIR MAX LOÇÃO ANTIQUEDA 100ML - REDUZA A QUEDA DOS CABELOS COM NOSSA LOÇÃO,IMECAP,NAO MEDICAMENTO,DERMO,CUIDADO CAPILAR,TRATAMENTO CAPILAR,ANTIQUEDA,TODO TIPO DE PELE,LOCAO,,
112,NEOSIL LOÇÃO ANTIQUEDA 50ML,NEOSIL,NAO MEDICAMENTO,DERMO,CUIDADO CAPILAR,TRATAMENTO CAPILAR,ANTIQUEDA,TODO TIPO DE PELE,LOCAO,,
113,KERIUM MASCARA CAPILAR 200ML,KERIUM,NAO MEDICAMENTO,DERMO,CUIDADO CAPILAR,TRATAMENTO CAPILAR,REPARADOR,TODO TIPO DE PELE,CREME,,
114,KERIUM ANTI-QUEDA LOÇÃO CAPILAR 125ML,LA ROCHE POSAY,NAO MEDICAMENTO,DERMO,CUIDADO CAPILAR,TRATAMENTO CAPILAR,ANTIQUEDA,LOCAO,NAO DEFINIDO,,
115,MÁSCARA REPARADORA MANTECORP SKINCARE PIELUS PRO-HYALU 200ML,MANTECORP,NAO MEDICAMENTO,DERMO,CUIDADO CAPILAR,TRATAMENTO CAPILAR,REPARADOR,TODO TIPO DE PELE,CREME,,
116,CREASTIM LOÇÃO CAPILAR ANTIQUEDA 30ML,DUCRAY,NAO MEDICAMENTO,DERMO,CUIDADO CAPILAR,TRATAMENTO CAPILAR,ANTIQUEDA,LOCAO,NAO DEFINIDO,,
117,PILEXIL LOÇÃO 120ML,MEGALABS,NAO MEDICAMENTO,DERMO,CUIDADO CAPILAR,TRATAMENTO CAPILAR,ANTIQUEDA,LOCAO,NAO DEFINIDO,,
118,LOÇAO PIELUS ANTIQUEDA 120ML,PIELUS,NAO MEDICAMENTO,DERMO,CUIDADO CAPILAR,TRATAMENTO CAPILAR,ANTIQUEDA,TODO TIPO DE PELE,LOCAO,,
119,PANTO HAIR LOÇÃO CAPILAR 95ML,BIOLAB,NAO MEDICAMENTO,DERMO,CUIDADO CAPILAR,TRATAMENTO CAPILAR,ANTIQUEDA,LOCAO,NAO DEFINIDO,,
120,DERCOS AMINEXIL ENERGY LOÇÃO CAPILAR 125ML,VICHY,NAO MEDICAMENTO,DERMO,CUIDADO CAPILAR,TRATAMENTO CAPILAR,ANTIQUEDA,LOCAO,NAO DEFINIDO,,
121,MELORA FOLCARE DS LOÇÃO ANTICASPA 50ML,MELORA,NAO MEDICAMENTO,DERMO,CUIDADO CAPILAR,TRATAMENTO CAPILAR,ANTICASPA,TODO TIPO DE PELE,LOCAO,,
122,TELOSS 5 LOÇÃO CAPILAR 120ML,THERASKIN,NAO MEDICAMENTO,DERMO,CUIDADO CAPILAR,TRATAMENTO CAPILAR,ANTIQUEDA,LOCAO,NAO DEFINIDO,,
123,SÉRUM CAPILAR 3% BAICAPIL + 3% CAFEÍNA PRINCIPIA SC-01 50ML,PRINCIPIA,NAO MEDICAMENTO,DERMO,CUIDADO CAPILAR,TRATAMENTO CAPILAR,ANTIQUEDA,TODO TIPO DE PELE,SERUM,,
124,DOCTAR CREME 100ML,DOCTAR,NAO MEDICAMENTO,DERMO,CUIDADO CAPILAR,TRATAMENTO CAPILAR,ANTICASPA,TODO TIPO DE PELE,CREME,,
125,PRINCIPIA SÉRUM CAPILAR SC-01 60ML,PRINCIPIA,NAO MEDICAMENTO,DERMO,CUIDADO CAPILAR,TRATAMENTO CAPILAR,ANTIQUEDA,TODO TIPO DE PELE,SERUM,,
126,"ANASTIM LOÇÃO CAPILAR 7,5ML",DUCRAY,NAO MEDICAMENTO,DERMO,CUIDADO CAPILAR,TRATAMENTO CAPILAR,ANTIQUEDA,LOCAO,NAO DEFINIDO,,
127,"IMECAP HAIR MAX AMPOLA 15ML - SUPLEMENTO PARA HIDRATAÇÃO, TRATAMENTO ANTIQUEBRA E REPARAÇÃO CAPILAR",IMECAP,NAO MEDICAMENTO,DERMO,CUIDADO CAPILAR,TRATAMENTO CAPILAR,HIDRATACAO,TODO TIPO DE PELE,AMPOLA,,
128,TRIATOP SIST ANTIQUEDA LOC 30ML+SH 150ML,TRIATOP,NAO MEDICAMENTO,DERMO,CUIDADO CAPILAR,TRATAMENTO CAPILAR,ANTIQUEDA,LOCAO,NAO DEFINIDO,,
129,NEOPTIDE LOÇÃO CAPILAR 30ML,DUCRAY,NAO MEDICAMENTO,DERMO,CUIDADO CAPILAR,TRATAMENTO CAPILAR,ANTIQUEDA,TODO TIPO DE PELE,LOCAO,,
130,SÉRUM ANTICASPA DERCOS 100ML,DERCOS,NAO MEDICAMENTO,DERMO,CUIDADO CAPILAR,TRATAMENTO CAPILAR,ANTICASPA,TODO TIPO DE PELE,SERUM,,
131,HIFFILS HIDRATANTE CAPILAR AEROSOL 100G,GERMED,NAO MEDICAMENTO,DERMO,CUIDADO CAPILAR,TRATAMENTO CAPILAR,HIDRATACAO,MASCARA,NAO DEFINIDO,,
132,SERUM DUCRAY DENSIAGE COM 3 UNIDADES DE 30ML,DUCRAY,NAO MEDICAMENTO,DERMO,CUIDADO CAPILAR,TRATAMENTO CAPILAR,ANTI IDADE,TODO TIPO DE PELE,SERUM,,
133,PANTOGAR TOP LOÇÃO ANTIQUEDA 80ML,PANTOGAR,NAO MEDICAMENTO,DERMO,CUIDADO CAPILAR,TRATAMENTO CAPILAR,ANTIQUEDA,TODO TIPO DE PELE,LOCAO,,
134,DERCOS VICHY SERUM OIL CORRECTION 50ML,DERCOS,NAO MEDICAMENTO,DERMO,CUIDADO CAPILAR,TRATAMENTO CAPILAR,ANTIOLEOSIDADE,PELE OLEOSA,SERUM,,
135,DUCRAY CREASTIM LOÇAO ANTIQUEDA 60ML,DUCRAY,NAO MEDICAMENTO,DERMO,CUIDADO CAPILAR,TRATAMENTO CAPILAR,ANTIQUEDA,TODO TIPO DE PELE,LOCAO,,
136,LOÇÃO ANTIQUEDA MANTECORP SKINCARE PIELUS FORTE 120ML,PIELUS,NAO MEDICAMENTO,DERMO,CUIDADO CAPILAR,TRATAMENTO CAPILAR,ANTIQUEDA,TODO TIPO DE PELE,LOCAO,,
137,DERCOS ENERGIZANTE VICHY AMPOLA 40ML,DERCOS,NAO MEDICAMENTO,DERMO,CUIDADO CAPILAR,TRATAMENTO CAPILAR,ANTIQUEDA,TODO TIPO DE PELE,AMPOLA,,
138,ALPHA RT WOMEN ANTIQUEDA 45ML,MED STAR,NAO MEDICAMENTO,DERMO,CUIDADO CAPILAR,TRATAMENTO CAPILAR,ANTIQUEDA,LOCAO,NAO DEFINIDO,,
139,PILEXIL SHAMPOO ANTIQUEDA LOÇÃO 150ML,PILEXIL,NAO MEDICAMENTO,DERMO,CUIDADO CAPILAR,TRATAMENTO CAPILAR,ANTIQUEDA,TODO TIPO DE PELE,LOCAO,,
140,DERCOS KERA SOLUTIONS VICHY MÁSCARA CONCENTRADA ANTIRRIGIDEZ 200ML,DERCOS,NAO MEDICAMENTO,DERMO,CUIDADO CAPILAR,TRATAMENTO CAPILAR,REPARADOR,TODO TIPO DE PELE,CREME,,
141,NUTRICERAT MÁSCARA DUCRAY 150ML,DUCRAY,NAO MEDICAMENTO,DERMO,CUIDADO CAPILAR,TRATAMENTO CAPILAR,REPARADOR,TODO TIPO DE PELE,CREME,,
142,ELASTICO CABELO PENDURICALHOS CORES PASTEIS COM 6 UNIDADES,CHOICES BEAUTY,NAO MEDICAMENTO,BELEZA,CUIDADO CAPILAR,ACESSORIO CAPILAR,ELASTICO,BASICO,6,,
143,ESC CAB MODELAD ALMOF OVAL-111,BELLIZ,NAO MEDICAMENTO,BELEZA,CUIDADO CAPILAR,ACESSORIO CAPILAR,ELASTICO,NAO DEFINIDO,NAO DEFINIDO,,
144,ELÁSTICO DE CABELO CHOICE BEAUTY 6 UNIDADES,CHOICES BEAUTY,NAO MEDICAMENTO,BELEZA,CUIDADO CAPILAR,ACESSORIO CAPILAR,ELASTICO,BASICO,6,,
145,ESCOVA DE CABELO MARCO BONI MEIA LUA,MARCO BONI,NAO MEDICAMENTO,BELEZA,CUIDADO CAPILAR,ACESSORIO CAPILAR,ESCOVA,MEIA LUA,REGULAR,,
146,ESCOVA DE CABELO FIDALGA 2112,FIDALGA,NAO MEDICAMENTO,BELEZA,CUIDADO CAPILAR,ACESSORIO CAPILAR,ESCOVA,NAO DEFINIDO,NAO DEFINIDO,,
147,SECADOR MEGA ST2800 1800WATTS 220V,MEGA,NAO MEDICAMENTO,BELEZA,CUIDADO CAPILAR,ACESSORIO CAPILAR,ELASTICO,NAO DEFINIDO,NAO DEFINIDO,,
148,PIRANHA COLORS MINI 1.5,BELLIZ,NAO MEDICAMENTO,BELEZA,CUIDADO CAPILAR,ACESSORIO CAPILAR,ELASTICO,NAO DEFINIDO,NAO DEFINIDO,,
149,PENTE MINI DECORADO 6215,GASPAR,NAO MEDICAMENTO,BELEZA,CUIDADO CAPILAR,ACESSORIO CAPILAR,PENTE,NAO DEFINIDO,NAO DEFINIDO,,
150,ESC CAB BELLIZ TATTOO RACKET - 784,BELLIZ,NAO MEDICAMENTO,BELEZA,CUIDADO CAPILAR,ACESSORIO CAPILAR,ELASTICO,NAO DEFINIDO,NAO DEFINIDO,,
151,PINCEL DAUF TINTURA GRANDE 1 UNIDADE,DAUF,NAO MEDICAMENTO,BELEZA,CUIDADO CAPILAR,ACESSORIO CAPILAR,KIT TINTURA,PINCEL,NAO DEFINIDO,,
152,PRES MANU M123 TARTAR 8 CM,MANU,NAO MEDICAMENTO,BELEZA,CUIDADO CAPILAR,ACESSORIO CAPILAR,ESCOVA,NAO DEFINIDO,NAO DEFINIDO,,
153,GRAMP DE CAB GRAMP MANU M169 REDON,MANU,NAO MEDICAMENTO,BELEZA,CUIDADO CAPILAR,ACESSORIO CAPILAR,PRENDEDOR,GRAMPO,NAO DEFINIDO,,
154,ESCOVA DE CABELOS PAGUE MENOS ECO BAMBU GRANDE 1 UNIDADE,PAGUE MENOS ECO,NAO MEDICAMENTO,BELEZA,CUIDADO CAPILAR,ACESSORIO CAPILAR,ESCOVA,BAMBU,REGULAR,,
155,PIRANHA CHOICES BORBOLETA PRETO,CHOICES BEAUTY,NAO MEDICAMENTO,BELEZA,CUIDADO CAPILAR,ACESSORIO CAPILAR,PIRANHA,BORBOLETA,PRETO,,
156,ELÁSTICO DE CABELO CHOICES BEAUTY MOLA 4 UNIDADES,CHOICES BEAUTY,NAO MEDICAMENTO,BELEZA,CUIDADO CAPILAR,ACESSORIO CAPILAR,ELASTICO,MOLA,4,,
157,"TIARA FINES TARTAR N106 1,9 CM GDE",FINESTRA,NAO MEDICAMENTO,BELEZA,CUIDADO CAPILAR,ACESSORIO CAPILAR,ESCOVA,NAO DEFINIDO,NAO DEFINIDO,,
158,"TIARA FINES TARTA 2,5 X 3 CM N478 PEQ",FINESTRA,NAO MEDICAMENTO,BELEZA,CUIDADO CAPILAR,ACESSORIO CAPILAR,TIARA,TARTARUGA,NAO DEFINIDO,,
159,ELÁSTICO CABELO PENDURICALHOS BLACK E WHITE COM 6 UNIDADES,CHOICES BEAUTY,NAO MEDICAMENTO,BELEZA,CUIDADO CAPILAR,ACESSORIO CAPILAR,ELASTICO,BASICO,6,,
160,ELASTICO CABELO PENDURICALHOS PRETO ROSAS COM 6 UNIDADES,CHOICES BEAUTY,NAO MEDICAMENTO,BELEZA,CUIDADO CAPILAR,ACESSORIO CAPILAR,ELASTICO,BASICO,6,,
161,GRAMPO FLAT GLITTER 65 C12 UN 3 CORES,ZALIKE,NAO MEDICAMENTO,BELEZA,CUIDADO CAPILAR,ACESSORIO CAPILAR,PRENDEDOR,GRAMPO,GLITER COLORIDO,,
162,ESCOVA DE CABELO DAUF BAMBU QUADRADA,DAUF,NAO MEDICAMENTO,BELEZA,CUIDADO CAPILAR,ACESSORIO CAPILAR,ESCOVA,QUADRADA,REGULAR,,
163,ELÁSTICO CABELO PENDURICALHOS POMPOM,CHOICES BEAUTY,NAO MEDICAMENTO,BELEZA,CUIDADO CAPILAR,ACESSORIO CAPILAR,ELASTICO,DECORADO,REGULAR,,
164,PENTE MARCO BONI UD COLORES,MARCO BONI,NAO MEDICAMENTO,BELEZA,CUIDADO CAPILAR,ACESSORIO CAPILAR,PENTE,TRADICIONAL,REGULAR,,
165,ELASTICO CABELOS PENDURICALHOS CORES ALEGRES COM 6 UNIDADES,CHOICES BEAUTY,NAO MEDICAMENTO,BELEZA,CUIDADO CAPILAR,ACESSORIO CAPILAR,ELASTICO,BASICO,6,,
166,TIC TAC BE BETTER 5CM COLOR 6UND,BE BETTER,NAO MEDICAMENTO,BELEZA,CUIDADO CAPILAR,ACESSORIO CAPILAR,PRENDEDOR,TIC TAC,COLORIDO,,
167,ELASTICO CABELO DIVA PEROLA COLLOR COM 2 UNIDADES,CHOICES BEAUTY,NAO MEDICAMENTO,BELEZA,CUIDADO CAPILAR,ACESSORIO CAPILAR,ELASTICO,DECORADO,2,,
168,ESC CAB MARCO BONI RAQUETE PENELOPE CHAR,MARCO BONI,NAO MEDICAMENTO,BELEZA,CUIDADO CAPILAR,ACESSORIO CAPILAR,ESCOVA,NAO DEFINIDO,NAO DEFINIDO,,
169,PENTE PROF DENT LGO MARCO BONI-1280,MARCO BONI,NAO MEDICAMENTO,BELEZA,CUIDADO CAPILAR,ACESSORIO CAPILAR,PENTE,DENTE LARGO,REGULAR,,
170,ESC CAB PRADA BLACK ION OVAL-770,BELLIZ,NAO MEDICAMENTO,BELEZA,CUIDADO CAPILAR,ACESSORIO CAPILAR,ESCOVA,OVAL,REGULAR,,
171,PREND CAB GRAMPO CAB LOIRO NUM 7,BELLIZ,NAO MEDICAMENTO,BELEZA,CUIDADO CAPILAR,ACESSORIO CAPILAR,ELASTICO,NAO DEFINIDO,NAO DEFINIDO,,
172,ESCOVA POLVO CACHOS CHOICES BEAUTY,CHOICES BEAUTY,NAO MEDICAMENTO,BELEZA,CUIDADO CAPILAR,ACESSORIO CAPILAR,ESCOVA,POLVO CACHOS,REGULAR,,
173,GRAMPO DAUF NÚMERO 5 DOURADO COM 50 UNIDADES,CHOICES BEAUTY,NAO MEDICAMENTO,BELEZA,CUIDADO CAPILAR,ACESSORIO CAPILAR,PRENDEDOR,GRAMPO,DOURADO,,
174,PINCEL DE TINTURA BE BETTER 1UN,BE BETTER,NAO MEDICAMENTO,BELEZA,CUIDADO CAPILAR,ACESSORIO CAPILAR,KIT TINTURA,PINCEL,NAO DEFINIDO,,
175,"LIGA CABELO AMORAVEL CLASSICO MARROM, NUDE E BRANCO COM 12 UNIDADES",AMORAVEL,NAO MEDICAMENTO,BELEZA,CUIDADO CAPILAR,ACESSORIO CAPILAR,ELASTICO,NAO DEFINIDO,NAO DEFINIDO,,
176,BICO DE PATO CHOICES PRETO,CHOICES BEAUTY,NAO MEDICAMENTO,BELEZA,CUIDADO CAPILAR,ACESSORIO CAPILAR,PRENDEDOR,BICO DE PATO,PRETO,,
177,PIRANHA DE CABELO AMBAR G C/1,CHOICES BEAUTY,NAO MEDICAMENTO,BELEZA,CUIDADO CAPILAR,ACESSORIO CAPILAR,PIRANHA,BASICA,AMBAR,,
178,ESCOVA DE CABELO TANGLE TEEZER DESEMBARAÇADORA THE MINI ULTIMATE DETANGLER LILÁS,TANGLE TEEZER,NAO MEDICAMENTO,BELEZA,CUIDADO CAPILAR,ACESSORIO CAPILAR,ESCOVA,QUADRADA,PREMIUM,,
179,CLIP PLASTICO ESTAMPADO C/6 UN VERTIX,BELLIZ,NAO MEDICAMENTO,BELEZA,CUIDADO CAPILAR,ACESSORIO CAPILAR,ELASTICO,NAO DEFINIDO,NAO DEFINIDO,,
180,THE ORIGINAL THICK & CURLY SALSA RED,TANGLE TEEZER,NAO MEDICAMENTO,BELEZA,CUIDADO CAPILAR,ACESSORIO CAPILAR,ESCOVA,OVAL,REGULAR,,
181,KIT PARA VIAGEM RICCA - 3311,RICCA,NAO MEDICAMENTO,BELEZA,CUIDADO CAPILAR,ACESSORIO CAPILAR,KIT VIAGEM,NAO DEFINIDO,NAO DEFINIDO,,
182,PENTE DAUF TRANSPARENTE GRANDE,DAUF,NAO MEDICAMENTO,BELEZA,CUIDADO CAPILAR,ACESSORIO CAPILAR,PENTE,GRANDE,REGULAR,,
183,PENTE MARCO BONI FINO,MARCO BONI,NAO MEDICAMENTO,BELEZA,CUIDADO CAPILAR,ACESSORIO CAPILAR,PENTE,FINO,REGULAR,,
184,ESCOVA DE CABELO TANGLE TEEZER PARA FINALIZAÇÃO LILÁS,TANGLE TEEZER,NAO MEDICAMENTO,BELEZA,CUIDADO CAPILAR,ACESSORIO CAPILAR,ESCOVA,QUADRADA,PREMIUM,,
185,PREND CAB ELASTICO+PIRANHA 12UN-87015,CONSTANTE,NAO MEDICAMENTO,BELEZA,CUIDADO CAPILAR,ACESSORIO CAPILAR,ELASTICO,NAO DEFINIDO,NAO DEFINIDO,,
186,PENTE DAUF BAMBU CABO LONGO,DAUF,NAO MEDICAMENTO,BELEZA,CUIDADO CAPILAR,ACESSORIO CAPILAR,PENTE,CABO LONGO,BAMBU,,
187,FAIXA ORGANICA P/CABELO ATOALHADA,ORGANICA,NAO MEDICAMENTO,BELEZA,CUIDADO CAPILAR,ACESSORIO CAPILAR,FAIXA,NAO DEFINIDO,NAO DEFINIDO,,
188,ESC CABELO BE BETTER ESCOVA DESEMBARACADORA 1UND,BE BETTER,NAO MEDICAMENTO,BELEZA,CUIDADO CAPILAR,ACESSORIO CAPILAR,ESCOVA,DESEMBARACA,REGULAR,,
189,GRAMPO CHOICES BEAUTY NÚMERO 7 PRETO COM 25 UNIDADES,CHOICES BEAUTY,NAO MEDICAMENTO,BELEZA,CUIDADO CAPILAR,ACESSORIO CAPILAR,PRENDEDOR,GRAMPO,PRETO,,
190,PREND CAB ELASTICO COLOR 2MM - 889,BELLIZ,NAO MEDICAMENTO,BELEZA,CUIDADO CAPILAR,ACESSORIO CAPILAR,ELASTICO,BASICO,REGULAR,,
191,BICO PATO DIVA PRETO C/12,CHOICES BEAUTY,NAO MEDICAMENTO,BELEZA,CUIDADO CAPILAR,ACESSORIO CAPILAR,PRENDEDOR,BICO DE PATO,PRETO,,
192,CREME DE PENTEAR DOVE DANO ACUMULADO THERAPY 200ML,DOVE,NAO MEDICAMENTO,BELEZA,CUIDADO CAPILAR,CREME PENTEAR,TRATAMENTO,INTERMEDIARIO,FEMININO,,
193,CREME PARA PENTEAR INOAR MEU CACHO MEU CRUSH 500ML,INOAR,NAO MEDICAMENTO,BELEZA,CUIDADO CAPILAR,CREME PENTEAR,TRATAMENTO,PREMIUM,FEMININO,,
194,CREME PARA PENTEAR WIDI CARE ONDULANDO A JUBA 500M,WIDI CARE,NAO MEDICAMENTO,BELEZA,CUIDADO CAPILAR,CREME PENTEAR,VEGANO,PREMIUM,FEMININO,,
195,CREME PARA PENTEAR NIELY GOLD NUTRIÇÃO ABSOLUTA 280G,NIELY GOLD,NAO MEDICAMENTO,BELEZA,CUIDADO CAPILAR,CREME PENTEAR,TRATAMENTO,BASICO,FEMININO,,
196,CREME PARA PENTEAR NUTRITIVO ÓLEO DE COCO + 13 AMINOÁCIDOS NIELY GOLD NUTRIÇÃO MÁGICA FRASCO 500ML TAMANHO ECONÔMICO,NIELY GOLD,NAO MEDICAMENTO,BELEZA,CUIDADO CAPILAR,CREME PENTEAR,TRADICIONAL,BASICO,FEMININO,,
197,CREME DE PENTEAR TRESEMME BAIXO POO + NUTRIÇÃO 300ML,TRESEMME,NAO MEDICAMENTO,BELEZA,CUIDADO CAPILAR,CREME PENTEAR,TRATAMENTO,INTERMEDIARIO,FEMININO,,
198,"Creme para Pentear L'Oréal Paris Elseve Hidra Hialurônico, 250ml",ELSEVE,NAO MEDICAMENTO,BELEZA,CUIDADO CAPILAR,CREME PENTEAR,TRATAMENTO,INTERMEDIARIO,FEMININO,,
199,CREME PARA PENTEAR SEDA LUMINOUS UV 300ML,SEDA,NAO MEDICAMENTO,BELEZA,CUIDADO CAPILAR,CREME PENTEAR,TRATAMENTO,BASICO,FEMININO,,
200,CREME PARA PENTEAR SEDA KERAFORCE ORIGINAL 300ML.,SEDA,NAO MEDICAMENTO,BELEZA,CUIDADO CAPILAR,CREME PENTEAR,TRATAMENTO,BASICO,FEMININO,,
201,CREME PARA PENTEAR SEDA BOOM DESCOLORIDOS 400ML,SEDA,NAO MEDICAMENTO,BELEZA,CUIDADO CAPILAR,CREME PENTEAR,TRATAMENTO,BASICO,FEMININO,,
202,CREME PARA PENTEAR FRUCTIS APAGA DANOS 250ML,FRUCTIS,NAO MEDICAMENTO,BELEZA,CUIDADO CAPILAR,CREME PENTEAR,TRATAMENTO,BASICO,FEMININO,,
203,CREME PARA PENTEAR SEDA BOOM DEFINIÇÃO 295 ML,SEDA,NAO MEDICAMENTO,BELEZA,CUIDADO CAPILAR,CREME PENTEAR,TRATAMENTO,BASICO,FEMININO,,
204,CREME PARA PENTEAR WELLA PROSERIES FRIZZ CONTROL 240ML,WELLA PROSERIES,NAO MEDICAMENTO,BELEZA,CUIDADO CAPILAR,CREME PENTEAR,TRATAMENTO,PREMIUM,FEMININO,,
205,CREME DE PENTEAR TRESEMME SOLAR REPAIR COM HIBISCO OLEO DE OLIVA E FILTRO UV 300ML,TRESEMME,NAO MEDICAMENTO,BELEZA,CUIDADO CAPILAR,CREME PENTEAR,TRATAMENTO,INTERMEDIARIO,FEMININO,,
206,CREME DE PENTEAR DOVE MEN CARE FORÇA E CONTROLE 200ML,DOVE,NAO MEDICAMENTO,BELEZA,CUIDADO CAPILAR,CREME PENTEAR,TRATAMENTO,INTERMEDIARIO,MASCULINO,,
207,"Creme para Pentear L'Oréal Paris Elseve Liso dos Sonhos, 250ml",ELSEVE,NAO MEDICAMENTO,BELEZA,CUIDADO CAPILAR,CREME PENTEAR,TRATAMENTO,INTERMEDIARIO,FEMININO,,
208,Creme para Pentear Dove Texturas Reais Cacheados Frasco 355ml,DOVE,NAO MEDICAMENTO,BELEZA,CUIDADO CAPILAR,CREME PENTEAR,TRATAMENTO,BASICO,FEMININO,,
209,CREME PARA PENTEAR FRUCTIS NUTRIÇÃO VITAMINADA 250ML,FRUCTIS,NAO MEDICAMENTO,BELEZA,CUIDADO CAPILAR,CREME PENTEAR,TRATAMENTO,BASICO,FEMININO,,
210,CREME PENTEAR LOVE BEAUTY PLANET CURLS INTENSIFY MANTEIGA DE MURUMURU & ROSA 200ML,LOVE BEAUTY & PLANET,NAO MEDICAMENTO,BELEZA,CUIDADO CAPILAR,CREME PENTEAR,VEGANO,PREMIUM,FEMININO,,
211,CREME DE PENTEAR SEDA BOMBA DE ARGAN 300ML,SEDA,NAO MEDICAMENTO,BELEZA,CUIDADO CAPILAR,CREME PENTEAR,TRATAMENTO,BASICO,FEMININO,,
212,CREME PENTEAR NIELYDIVA CACHOS TURBINADOS 280G,NIELY GOLD,NAO MEDICAMENTO,BELEZA,CUIDADO CAPILAR,CREME PENTEAR,TRATAMENTO,BASICO,FEMININO,,
213,CREME DE PENTEAR SEDA BOOM VOLUMAO 295ML,SEDA,NAO MEDICAMENTO,BELEZA,CUIDADO CAPILAR,CREME PENTEAR,TRATAMENTO,BASICO,FEMININO,,
214,CREME PARA PENTEAR KOLENE CRONOGRAMA CONTROLE DE FRIZZ &  FINALIZAÇÃO ÓLEOS DE ARGAN + ABACATE + OLIVA FRASCO 500ML,KOLENE,NAO MEDICAMENTO,BELEZA,CUIDADO CAPILAR,CREME PENTEAR,TRATAMENTO,BASICO,FEMININO,,
215,CREME DE PENTEAR SALON LINE NUTRIÇÃO REPARADORA 1KG,SALON LINE,NAO MEDICAMENTO,BELEZA,CUIDADO CAPILAR,CREME PENTEAR,TRATAMENTO,BASICO,FEMININO,,
216,CREME PARA PENTEAR DOVE RECONSTRUCAO COMPLETA 200ML,DOVE,NAO MEDICAMENTO,BELEZA,CUIDADO CAPILAR,CREME PENTEAR,TRATAMENTO,INTERMEDIARIO,FEMININO,,
217,CREME DE PENTEAR VEGANO CACHOS CHOICES BEAUTY 200ML,CHOICES BEAUTY,NAO MEDICAMENTO,BELEZA,CUIDADO CAPILAR,CREME PENTEAR,VEGANO,INTERMEDIARIO,FEMININO,,
218,Creme Milagroso 3 em 1 L'Oréal Paris Elseve Cachos Longos dos Sonhos 500ml,ELSEVE,NAO MEDICAMENTO,BELEZA,CUIDADO CAPILAR,CREME PENTEAR,TRATAMENTO,INTERMEDIARIO,FEMININO,,
219,CREME DE PENTEAR SALON LINE SOS ATIVADOR 1KG,SALON LINE,NAO MEDICAMENTO,BELEZA,CUIDADO CAPILAR,CREME PENTEAR,TRATAMENTO,BASICO,FEMININO,,
220,LEITE PARA PENTEAR ELSÈVE HYDRAMAX COLÁGENO COM 150ML,ELSEVE,NAO MEDICAMENTO,BELEZA,CUIDADO CAPILAR,CREME PENTEAR,TRATAMENTO,INTERMEDIARIO,FEMININO,,
221,CREME PARA PENTEAR HIDRATANTE SEDA BOOM COM ÓLEO DE JOJOBA E KERATINA DEFINIÇÃO FLEXÍVEL 350ML,SEDA,NAO MEDICAMENTO,BELEZA,CUIDADO CAPILAR,CREME PENTEAR,TRATAMENTO,BASICO,FEMININO,,
222,CREME PARA PENTEAR TRESEMME SELAGEM CAPILAR CRESPO ORIGINAL 300ML,TRESEMME,NAO MEDICAMENTO,BELEZA,CUIDADO CAPILAR,CREME PENTEAR,TRATAMENTO,INTERMEDIARIO,FEMININO,,
223,CREME DE PENTEAR ELSÈVE COLORVIVE COM 250ML,ELSEVE,NAO MEDICAMENTO,BELEZA,CUIDADO CAPILAR,CREME PENTEAR,TRATAMENTO,INTERMEDIARIO,FEMININO,,
224,CREME ELSEVE 3 EM 1 REPARAÇÃO TOTAL 5 MILAGROSO 500ML,ELSEVE,NAO MEDICAMENTO,BELEZA,CUIDADO CAPILAR,CREME PENTEAR,TRATAMENTO,INTERMEDIARIO,FEMININO,,
225,CREME PARA PENTEAR PALMOLIVE NATURALS REPARAÇÃO COMPLETA 150ML,PALMOLIVE,NAO MEDICAMENTO,BELEZA,CUIDADO CAPILAR,CREME PENTEAR,TRATAMENTO,BASICO,FEMININO,,
226,CREME PARA PENTEAR NEGRA ROSA 2 EM 1 MANTEIGA DE KARITÉ 1KG,NEGRA ROSA,NAO MEDICAMENTO,BELEZA,CUIDADO CAPILAR,CREME PENTEAR,TRATAMENTO,CACHOS,FEMININO,,
227,CREME PENTEAR NIELY DIVA CACHOS TURBINADO 280G,NIELY GOLD,NAO MEDICAMENTO,BELEZA,CUIDADO CAPILAR,CREME PENTEAR,TRATAMENTO,BASICO,FEMININO,,
228,CREME DE PENTEAR DOVE CARE ON DAY2 DAY AFTER NUTRE E MODELA 200ML,DOVE,NAO MEDICAMENTO,BELEZA,CUIDADO CAPILAR,CREME PENTEAR,TRATAMENTO,INTERMEDIARIO,FEMININO,,
229,CREME DE PENTEAR SEDA BOOM TRANSIÇÃO 295ML,SEDA,NAO MEDICAMENTO,BELEZA,CUIDADO CAPILAR,CREME PENTEAR,TRATAMENTO,BASICO,FEMININO,,
230,CREME PARA PENTEAR NEUTROX CLASSICO 300ML,NEUTROX,NAO MEDICAMENTO,BELEZA,CUIDADO CAPILAR,CREME PENTEAR,TRATAMENTO,BASICO,FEMININO,,
231,CREME PARA PENTEAR WIDI CARE ENCARACOLANDO A JUBA 500ML,WIDI CARE,NAO MEDICAMENTO,BELEZA,CUIDADO CAPILAR,CREME PENTEAR,VEGANO,PREMIUM,FEMININO,,
232,CREME DE PENTEAR DOVE HIDRATAÇÃO INTENSA SPRAY 150ML,DOVE,NAO MEDICAMENTO,BELEZA,CUIDADO CAPILAR,CREME PENTEAR,TRATAMENTO,INTERMEDIARIO,FEMININO,,
233,CREME ELSEVE 3 EM 1 ÓLEO EXTRAORDINÁRIO MILAGROSO 500ML,ELSEVE,NAO MEDICAMENTO,BELEZA,CUIDADO CAPILAR,CREME PENTEAR,TRATAMENTO,INTERMEDIARIO,FEMININO,,
234,ATIVADOR DE CACHOS BELEZA NATURAL EXPLOSÃO DE ÓLEOS AFRICANOS 300 ML,BELEZA NATURAL,NAO MEDICAMENTO,BELEZA,CUIDADO CAPILAR,CREME PENTEAR,TRATAMENTO,BASICO,FEMININO,,
235,CRM NOVEX ATIV CACHOS RECONS INT 300ML,NOVEX,NAO MEDICAMENTO,BELEZA,CUIDADO CAPILAR,CREME PENTEAR,TRATAMENTO,BASICO,FEMININO,,
236,CREME PARA PENTEAR FRUCTIS 3 ÓLEOS BLINDAGEM  250ML,FRUCTIS,NAO MEDICAMENTO,BELEZA,CUIDADO CAPILAR,CREME PENTEAR,TRATAMENTO,BASICO,FEMININO,,
237,CREME PENTEAR NIELY GOLD CACHOS DO SEU JEITO OLEO DE LINHAÇA + MANTEIGA DE KARITÉ 250G,NIELY GOLD,NAO MEDICAMENTO,BELEZA,CUIDADO CAPILAR,CREME PENTEAR,TRATAMENTO,BASICO,FEMININO,,
238,CREME PARA PENTEAR SEDA POS ALISAMENTO QUIMICO 150ML,SEDA,NAO MEDICAMENTO,BELEZA,CUIDADO CAPILAR,CREME PENTEAR,TRATAMENTO,BASICO,FEMININO,,
239,CREME PARA PENTEAR ELSEVE QUERA-LISO LEVE E SEDOSO 250ML.,ELSEVE,NAO MEDICAMENTO,BELEZA,CUIDADO CAPILAR,CREME PENTEAR,TRATAMENTO,INTERMEDIARIO,FEMININO,,
240,CREME DE PENTEAR PANTENE MOLECULAR BOND REPAIR 240G,PANTENE,NAO MEDICAMENTO,BELEZA,CUIDADO CAPILAR,CREME PENTEAR,TRATAMENTO,INTERMEDIARIO,FEMININO,,
241,CREME PARA PENTEAR WELLA PROSERIES AFTER SUN LISOS 240ML,WELLA PROSERIES,NAO MEDICAMENTO,BELEZA,CUIDADO CAPILAR,CREME PENTEAR,TRATAMENTO,PREMIUM,FEMININO,,
242,DERMAGE REVIT OMEGA PLEX MASC CAP SH 20G,DERMAGE,NAO MEDICAMENTO,BELEZA,CUIDADO CAPILAR,FINALIZADOR,SILICONE,PREMIUM,FEMININO,,
243,CRM TRAT NOVEX OLEO ARGAN BLINDAGEM 200G,NOVEX,NAO MEDICAMENTO,BELEZA,CUIDADO CAPILAR,FINALIZADOR,SILICONE,PREMIUM,FEMININO,,
244,CRM TRAT OPUS SALON OJON 400G,SALON OPUS,NAO MEDICAMENTO,BELEZA,CUIDADO CAPILAR,FINALIZADOR,SILICONE,PREMIUM,FEMININO,,
245,SERUM NICK VICK ALTA PERFORMANCE PROTEÇÃO E REPARAÇÃO 12ML,NICK VICK,NAO MEDICAMENTO,BELEZA,CUIDADO CAPILAR,FINALIZADOR,SILICONE,SUPER PREMIUM,FEMININO,,
246,LEAVE IN EUDORA SIAGE GLOW EXPERT FINALIZADOR 100ML,SIAGE,NAO MEDICAMENTO,BELEZA,CUIDADO CAPILAR,FINALIZADOR,OLEO,PREMIUM,FEMININO,,
247,LEAVE-ON PENT CAPICILIN AR KERATIN 160ML,CAPICILIN,NAO MEDICAMENTO,BELEZA,CUIDADO CAPILAR,FINALIZADOR,LEAVE IN,INTERMEDIARIO,FEMININO,,
248,TONI CAPIL CAPICI SOL A.QUED 100ML,CAPICILIN,NAO MEDICAMENTO,BELEZA,CUIDADO CAPILAR,FINALIZADOR,SILICONE,PREMIUM,FEMININO,,
249,COMPLEXO TRATTA BIOFORTIFICANTE 50ML,TRATTA,NAO MEDICAMENTO,BELEZA,CUIDADO CAPILAR,FINALIZADOR,SILICONE,BASICO,FEMININO,,
250,SPRAY KIDS DESEMBARANTE 300ML,BIO EXTRATUS,NAO MEDICAMENTO,BELEZA,CUIDADO CAPILAR,FINALIZADOR,SILICONE,PREMIUM,FEMININO,,
251,ALIS ESSENZA SOL FORTE 80G 6UN,ESSENZA,NAO MEDICAMENTO,BELEZA,CUIDADO CAPILAR,FINALIZADOR,DEFRIZANTE,BASICO,FEMININO,,
252,OLEO REPARADOR OX NUTRIÇÃO INTENSA,OX,NAO MEDICAMENTO,BELEZA,CUIDADO CAPILAR,FINALIZADOR,OLEO,INTERMEDIARIO,FEMININO,,
253,TRATAMENTO LEAVE-IN DOVE NUTRIÇÃO + TRI-ÓLEOS 110ML,DOVE,NAO MEDICAMENTO,BELEZA,CUIDADO CAPILAR,FINALIZADOR,DEFRIZANTE,BASICO,FEMININO,,
254,ÓLEO DE TRATAMENTO CADIVEU PROFESSIONAL AÇAÍ OIL 60ML,CADIVEU,NAO MEDICAMENTO,BELEZA,CUIDADO CAPILAR,FINALIZADOR,OLEO,PREMIUM,FEMININO,,
255,OLEO DE RICINO 30ML,BIOHAIR,NAO MEDICAMENTO,BELEZA,CUIDADO CAPILAR,FINALIZADOR,SILICONE,BASICO,FEMININO,,
256,GELATINA MODELADORA COM ÓLEO DE PEQUI LOLA FROM RIO BOSSA CRESPOS   CACHOS FRASCO 500G PUMP,LOLA,NAO MEDICAMENTO,BELEZA,CUIDADO CAPILAR,FINALIZADOR,GELATINA,INTERMEDIARIO,FEMININO,,
257,SPRAY USO ESSENCIAL RICCA 250ML,RICCA,NAO MEDICAMENTO,BELEZA,CUIDADO CAPILAR,FINALIZADOR,SPRAY,INTERMEDIARIO,FEMININO,,
258,MASCARA FOREVER LISS MEGA MARSALA 500 GR,FOREVER LISS,NAO MEDICAMENTO,BELEZA,CUIDADO CAPILAR,FINALIZADOR,SILICONE,PREMIUM,FEMININO,,
259,ESCOVA GUANIDINA TRADICIONAL REGULAR SL AN 218GR,SALON LINE,NAO MEDICAMENTO,BELEZA,CUIDADO CAPILAR,FINALIZADOR,DEFRIZANTE,BASICO,FEMININO,,
260,CRM DISC CACHOS AMEND GOLD BLACK 340ML,AMEND,NAO MEDICAMENTO,BELEZA,CUIDADO CAPILAR,FINALIZADOR,SILICONE,PREMIUM,FEMININO,,
261,ATIVADOR DE CACHOS INOAR MEU CACHO MEU CRUSH 200ML,INOAR,NAO MEDICAMENTO,BELEZA,CUIDADO CAPILAR,FINALIZADOR,DEFRIZANTE,BASICO,FEMININO,,
262,OLEO AMEND NUTRI FABULOUS 90ML,AMEND,NAO MEDICAMENTO,BELEZA,CUIDADO CAPILAR,FINALIZADOR,SILICONE,PREMIUM,FEMININO,,
263,COND LOLA BALSAMO B LOIRA FARMACIA 250G,LOLA,NAO MEDICAMENTO,BELEZA,CUIDADO CAPILAR,FINALIZADOR,SILICONE,PREMIUM,FEMININO,,
264,FINALIZADOR HIDRATEI SOLAR BEACH WAVES SPRAY 200ML,HIDRATEI,NAO MEDICAMENTO,BELEZA,CUIDADO CAPILAR,FINALIZADOR,LEAVE IN,PREMIUM,FEMININO,,
265,LEAVE-IN CAPILAR EUDORA SIÀGE CAUTERIZAÇÃO DOS LISOS 100ML,SIAGE,NAO MEDICAMENTO,BELEZA,CUIDADO CAPILAR,FINALIZADOR,LEAVE IN,PREMIUM,FEMININO,,
266,MASCARA TONALIZANTE TRATTA MARROM 290G,TRATTA,NAO MEDICAMENTO,BELEZA,CUIDADO CAPILAR,FINALIZADOR,SILICONE,PREMIUM,FEMININO,,
267,FINALIZOR MONANGE AGENDA CAPILAR RECONSTRUÇÃO 30ML,MONANGE,NAO MEDICAMENTO,BELEZA,CUIDADO CAPILAR,FINALIZADOR,OLEO,BASICO,FEMININO,,
268,MASCARA CAPIL OPUS SALON CRM MATIZ 200ML,OPUS,NAO MEDICAMENTO,BELEZA,CUIDADO CAPILAR,FINALIZADOR,SILICONE,PREMIUM,FEMININO,,
269,CRM RELAXANTE ESSENZA 480G,ESSENZA,NAO MEDICAMENTO,BELEZA,CUIDADO CAPILAR,FINALIZADOR,SILICONE,PREMIUM,FEMININO,,
270,SERUM JOHN FRIEDA FRIZZ EASE EXTRA FORTE 50ML,JOHN FRIEDA,NAO MEDICAMENTO,BELEZA,CUIDADO CAPILAR,FINALIZADOR,SILICONE,SUPER PREMIUM,FEMININO,,
271,LEAVE IN CADIVEU BOCA ROSA 215ML,CADIVEU,NAO MEDICAMENTO,BELEZA,CUIDADO CAPILAR,FINALIZADOR,DEFRIZANTE,SUPER PREMIUM,FEMININO,,
272,OLEO DE COPAIBA 30ML,OLEO,NAO MEDICAMENTO,BELEZA,CUIDADO CAPILAR,FINALIZADOR,OLEO,NAO CLASSIFICADO,NAO CLASSIFICADO,,
273,BALSAMO HID BIOGELATTINNE 200ML,BIO EXTRATUS,NAO MEDICAMENTO,BELEZA,CUIDADO CAPILAR,FINALIZADOR,SILICONE,PREMIUM,FEMININO,,
274,OLEO NIELY DIV CACHOS TURBINADO 60ML,NIELY GOLD,NAO MEDICAMENTO,BELEZA,CUIDADO CAPILAR,FINALIZADOR,OLEO,BASICO,FEMININO,,
275,ESC PROGR ALIS EMB PELUC PREMI 180 G KIT,EMBELLEZE,NAO MEDICAMENTO,BELEZA,CUIDADO CAPILAR,FINALIZADOR,DEFRIZANTE,BASICO,FEMININO,,
276,MAGIA DE UNICORNIO FOREVER LISS 200ML,FOREVER LISS,NAO MEDICAMENTO,BELEZA,CUIDADO CAPILAR,FINALIZADOR,SILICONE,BASICO,FEMININO,,
277,MASCARA LOLA EU SEI FEZ QUIM PASSAD 230G,LOLA,NAO MEDICAMENTO,BELEZA,CUIDADO CAPILAR,FINALIZADOR,SILICONE,PREMIUM,FEMININO,,
278,MASCARA AMEND REC INT COLOR REFLECT 300G,AMEND,NAO MEDICAMENTO,BELEZA,CUIDADO CAPILAR,FINALIZADOR,SILICONE,PREMIUM,FEMININO,,
279,CREME HIDRATANTE BED HEAD AFTER PARTY SMOOTH 50ML,BED HEAD,NAO MEDICAMENTO,BELEZA,CUIDADO CAPILAR,FINALIZADOR,LEAVE IN,SUPER PREMIUM,FEMININO,,
280,ÓLEO CAPILAR HIDRATEI NUTRIÇÃO 60ML,HIDRATEI,NAO MEDICAMENTO,BELEZA,CUIDADO CAPILAR,FINALIZADOR,OLEO,PREMIUM,FEMININO,,
281,FINALIZADOR MOUSSE WIDI CARE CRIADOR DE CAHOS JUBA 200ML,WIDI CARE,NAO MEDICAMENTO,BELEZA,CUIDADO CAPILAR,FINALIZADOR,MOUSSE,PREMIUM,FEMININO,,
282,REPARADOR DE PONTA ORIGEM OLEO DE ARGAN 30ML,ORIGEM,NAO MEDICAMENTO,BELEZA,CUIDADO CAPILAR,FINALIZADOR,SILICONE,BASICO,FEMININO,,
283,REPARADOR DE PONTA WU REFIL 35ML,WU,NAO MEDICAMENTO,BELEZA,CUIDADO CAPILAR,FINALIZADOR,SILICONE,BASICO,FEMININO,,
284,FINALIZADOR BLOND BIOFLEX 200G,BIO EXTRATUS,NAO MEDICAMENTO,BELEZA,CUIDADO CAPILAR,FINALIZADOR,SILICONE,PREMIUM,FEMININO,,
285,ACQUAFLORA COMPLEXO RECONST 60ML,ACQUAFLORA,NAO MEDICAMENTO,BELEZA,CUIDADO CAPILAR,FINALIZADOR,SILICONE,PREMIUM,FEMININO,,
286,REP PONTAS OLEO DE ARGAN 60ML,FIXED,NAO MEDICAMENTO,BELEZA,CUIDADO CAPILAR,FINALIZADOR,SILICONE,PREMIUM,FEMININO,,
287,CREME ALISANTE LISA HAIR 530G,HAIR LIFE,NAO MEDICAMENTO,BELEZA,CUIDADO CAPILAR,FINALIZADOR,DEFRIZANTE,BASICO,FEMININO,,
288,FINALIZ BIOEXTRATUS BOTICA CAMOMILA 150G,FINALIZ,NAO MEDICAMENTO,BELEZA,CUIDADO CAPILAR,FINALIZADOR,SILICONE,PREMIUM,FEMININO,,
289,OLEO CAP NATUHAIR ALHO 60ML,NATUHAIR,NAO MEDICAMENTO,BELEZA,CUIDADO CAPILAR,FINALIZADOR,SILICONE,BASICO,FEMININO,,
290,REPARADOR DE PONTA AMORAVEL RECONSTRUÇÃO E FORÇA 35ML,AMORAVEL,NAO MEDICAMENTO,BELEZA,CUIDADO CAPILAR,FINALIZADOR,SILICONE,BASICO,FEMININO,,
291,MASCARA AMEND GOLD BLACK DEF LISS 300G,AMEND,NAO MEDICAMENTO,BELEZA,CUIDADO CAPILAR,FINALIZADOR,SILICONE,PREMIUM,FEMININO,,
292,CRM ALISA E TINGE CAST ESC 135G,ALISA E TINGE,NAO MEDICAMENTO,BELEZA,CUIDADO CAPILAR,ALISANTE,CREME,NAO DEFINIDO,NAO DEFINIDO,,
293,AMACIHAIR AZEITE DE OLIVA BALDINHO 200G,AMACIHAIR,NAO MEDICAMENTO,BELEZA,CUIDADO CAPILAR,ALISANTE,CREME,NAO DEFINIDO,NAO DEFINIDO,,
294,CREME ALISANTE TON WELLIN COLOR GRAN 645,WELLIN,NAO MEDICAMENTO,BELEZA,CUIDADO CAPILAR,ALISANTE,CREME,NAO DEFINIDO,NAO DEFINIDO,,
295,CREME ALISANTE SFERA PROFISSIONAL 480G,SFERA,NAO MEDICAMENTO,BELEZA,CUIDADO CAPILAR,ALISANTE,CREME,NAO DEFINIDO,NAO DEFINIDO,,
296,CRM ALISA E TINGE PRETO AZULADO 135G,ALISA E TINGE,NAO MEDICAMENTO,BELEZA,CUIDADO CAPILAR,ALISANTE,CREME,NAO DEFINIDO,NAO DEFINIDO,,
297,CREME ALISANTE HAIRLIFE SOLTO NATURAL 180G,HAIR LIFE,NAO MEDICAMENTO,BELEZA,CUIDADO CAPILAR,ALISANTE,CREME,NAO DEFINIDO,NAO DEFINIDO,,
298,CREME ALISANTE CARBOLSYSTEINA NOUVELLE 300ML,NOUVELLE,NAO MEDICAMENTO,BELEZA,CUIDADO CAPILAR,ALISANTE,CREME,NAO DEFINIDO,NAO DEFINIDO,,
299,CRM ALISA E TINGE CAST CLAR 135G,ALISA E TINGE,NAO MEDICAMENTO,BELEZA,CUIDADO CAPILAR,ALISANTE,CREME,NAO DEFINIDO,NAO DEFINIDO,,
300,KIT ALISANTE ESSENZA GELEIA REAL NO,ESSENZA,NAO MEDICAMENTO,BELEZA,CUIDADO CAPILAR,ALISANTE,DEFRIZANTE,BASICO,FEMININO,,
301,CREME ALISANTE SFERA MANTEIGA DE KARITE 80G,SFERA,NAO MEDICAMENTO,BELEZA,CUIDADO CAPILAR,ALISANTE,CREME,NAO DEFINIDO,NAO DEFINIDO,,
302,CREME ALISANTE TON WELLIN COLOR PRETO 20,WELLIN,NAO MEDICAMENTO,BELEZA,CUIDADO CAPILAR,ALISANTE,CREME,NAO DEFINIDO,NAO DEFINIDO,,
303,CREME ALISANTE NIELY GOLD KIT 184G,NIELY GOLD,NAO MEDICAMENTO,BELEZA,CUIDADO CAPILAR,ALISANTE,CREME,NAO DEFINIDO,NAO DEFINIDO,,
304,CREME ALISANTE WELLIN FINO,WELLIN,NAO MEDICAMENTO,BELEZA,CUIDADO CAPILAR,ALISANTE,CREME,NAO DEFINIDO,NAO DEFINIDO,,
305,CRM ALISANTE ORIGEM NOW FLORES,ORIGEM,NAO MEDICAMENTO,BELEZA,CUIDADO CAPILAR,ALISANTE,DEFRIZANTE,BASICO,FEMININO,,
306,GUANIDINA SALON LINE TRADICIONAL SUPER FORTE ALISA E RELAXA  215G,SALON LINE,NAO MEDICAMENTO,BELEZA,CUIDADO CAPILAR,ALISANTE,CREME,NAO DEFINIDO,NAO DEFINIDO,,
307,CREME ALISANTE TON WELLIN COLOR CASTANHO CLARO 50,WELLIN,NAO MEDICAMENTO,BELEZA,CUIDADO CAPILAR,ALISANTE,CREME,NAO DEFINIDO,NAO DEFINIDO,,
308,CREME ALISANTE WELLIN PARA CABELOS ONDULADOS,WELLIN,NAO MEDICAMENTO,BELEZA,CUIDADO CAPILAR,ALISANTE,CREME,NAO DEFINIDO,NAO DEFINIDO,,
309,CRM ALISANTE FIO&PONTAS S BLINDADO 500G,FIO&PONTAS,NAO MEDICAMENTO,BELEZA,CUIDADO CAPILAR,ALISANTE,CREME,NAO DEFINIDO,NAO DEFINIDO,,
310,CREME ALISANTE TON WELLIN COLOR CASTANHO ESCURO 30,WELLIN,NAO MEDICAMENTO,BELEZA,CUIDADO CAPILAR,ALISANTE,CREME,NAO DEFINIDO,NAO DEFINIDO,,
311,ESCOVA DISCIPLINANTE ALTA MODA LISO PROGRESSIVO SEMI DI LINO,ALFAPARF,NAO MEDICAMENTO,BELEZA,CUIDADO CAPILAR,ALISANTE,CREME,NAO DEFINIDO,NAO DEFINIDO,,
312,KIT ALISANTE ORIGEM NOW MEDIO COM ERVAS E CEREAIS 80G,ORIGEM,NAO MEDICAMENTO,BELEZA,CUIDADO CAPILAR,ALISANTE,CREME,NAO DEFINIDO,NAO DEFINIDO,,
313,CREME ALISANTE LOLA FROM RIO VINTAGE GIRLS PROFISSIONAL 100G,LOLA,NAO MEDICAMENTO,BELEZA,CUIDADO CAPILAR,ALISANTE,CREME,NAO DEFINIDO,NAO DEFINIDO,,
314,CREME ALISANTE WELLIN CRESPO,WELLIN,NAO MEDICAMENTO,BELEZA,CUIDADO CAPILAR,ALISANTE,CREME,NAO DEFINIDO,NAO DEFINIDO,,
315,CREME ALISANTE NOUVELLE KIT ECONOMICO 438G,NOUVELLE,NAO MEDICAMENTO,BELEZA,CUIDADO CAPILAR,ALISANTE,CREME,NAO DEFINIDO,NAO DEFINIDO,,
316,CREME ALISANTE TON WELLIN COLOR CHOCOLATE 67,WELLIN,NAO MEDICAMENTO,BELEZA,CUIDADO CAPILAR,ALISANTE,CREME,NAO DEFINIDO,NAO DEFINIDO,,
317,CREME ALISANTE TON WELLIN COLOR LOURO NATURAL 70,WELLIN,NAO MEDICAMENTO,BELEZA,CUIDADO CAPILAR,ALISANTE,CREME,NAO DEFINIDO,NAO DEFINIDO,,
318,CREME ALISANTE LYSACREAM MEL 500G,LYSACREAM,NAO MEDICAMENTO,BELEZA,CUIDADO CAPILAR,ALISANTE,CREME,NAO DEFINIDO,NAO DEFINIDO,,
319,CREME ALISANTE HENE RENA GEL 180G,HENE,NAO MEDICAMENTO,BELEZA,CUIDADO CAPILAR,ALISANTE,CREME,NAO DEFINIDO,NAO DEFINIDO,,
320,CRM ALISANTE SFERA NORMAL 480G,SFERA,NAO MEDICAMENTO,BELEZA,CUIDADO CAPILAR,ALISANTE,DEFRIZANTE,BASICO,FEMININO,,
321,CRM ALISANTE MEL&AMENDOAS KIT,ORIGEM,NAO MEDICAMENTO,BELEZA,CUIDADO CAPILAR,ALISANTE,DEFRIZANTE,BASICO,FEMININO,,
322,TINT MAXTON 3.66 ACAJU PURPURA MINI KIT,MAXTON,NAO MEDICAMENTO,BELEZA,CUIDADO CAPILAR,COLORACAO,PERMANENTE,BASICO,LOURO,,
323,TINTURA COR&TON KIT CASTANHO CLARO 5.0,COR&TON,NAO MEDICAMENTO,BELEZA,CUIDADO CAPILAR,COLORACAO,PERMANENTE,BASICO,CASTANHO,,
324,TINTURA SOFT COLOR LOURO ESCURO 60,SOFT COLOR,NAO MEDICAMENTO,BELEZA,CUIDADO CAPILAR,COLORACAO,SEMIPERMANENTE,BASICO,LOURO,,
325,TINTURA IMÉDIA CHOCOLATE 6.34,IMEDIA EXCELLENCE,NAO MEDICAMENTO,BELEZA,CUIDADO CAPILAR,COLORACAO,PERMANENTE,PREMIUM,CASTANHO,,
326,TINTURA MAXTON LOURO NATURAL 7.0,MAXTON,NAO MEDICAMENTO,BELEZA,CUIDADO CAPILAR,COLORACAO,PERMANENTE,BASICO,LOURO,,
327,Coloração Casting Creme Gloss 670 Chocolate com Pimenta,CASTING,NAO MEDICAMENTO,BELEZA,CUIDADO CAPILAR,COLORACAO,SEMIPERMANENTE,PREMIUM,CASTANHO,,
328,TINTURA KOLESTON ACAJÚ PÚRPURA 366,KOLESTON,NAO MEDICAMENTO,BELEZA,CUIDADO CAPILAR,COLORACAO,PERMANENTE,INTERMEDIARIO,VERMELHO,,
329,TINTURA SOFT COLOR LOURO ACINZENTADO 71,SOFT COLOR,NAO MEDICAMENTO,BELEZA,CUIDADO CAPILAR,COLORACAO,SEMIPERMANENTE,BASICO,LOURO,,
330,TINTURA CASTING GLOSS MEL TABACO 634,CASTING,NAO MEDICAMENTO,BELEZA,CUIDADO CAPILAR,COLORACAO,SEMIPERMANENTE,PREMIUM,CASTANHO,,
331,TINTURA IMÉDIA EXCELLENCE LOURO ESCURO ACIN 6.1,IMEDIA EXCELLENCE,NAO MEDICAMENTO,BELEZA,CUIDADO CAPILAR,COLORACAO,PERMANENTE,PREMIUM,LOURO,,
332,KIT COM 2 TINTURAS NUTRISSE AMENDOA 50  PREÇO ESPECIAL,NUTRISSE,NAO MEDICAMENTO,BELEZA,CUIDADO CAPILAR,COLORACAO,PERMANENTE,INTERMEDIARIO,CASTANHO,,
333,TINT FIO&TON 7.7 MARROM DOURADO,FIO&TON,NAO MEDICAMENTO,BELEZA,CUIDADO CAPILAR,COLORACAO,PERMANENTE,BASICO,LOURO,,
334,TINT COR&TON 6.1 LOURO ESCURO KIT 175G,COR&TON,NAO MEDICAMENTO,BELEZA,CUIDADO CAPILAR,COLORACAO,PERMANENTE,BASICO,LOURO,,
335,TINT ALTA MODA 6.66 VERMELHO INTENSO 60G,ALTA MODA,NAO MEDICAMENTO,BELEZA,CUIDADO CAPILAR,COLORACAO,PERMANENTE,BASICO,LOURO,,
336,TINT COR&TON 4.3 CASTAN MED DOURAD 175G,COR&TON,NAO MEDICAMENTO,BELEZA,CUIDADO CAPILAR,COLORACAO,PERMANENTE,BASICO,LOURO,,
337,TINTURA IMÉDIA EXCELENCE LOURO CLARÍSSIMO ACINZENTADO 10.1,IMEDIA EXCELLENCE,NAO MEDICAMENTO,BELEZA,CUIDADO CAPILAR,COLORACAO,PERMANENTE,PREMIUM,LOURO,,
338,TINT LUMINOUS 5.0 CASTANHO CLARO,AROMA DO CAMPO,NAO MEDICAMENTO,BELEZA,CUIDADO CAPILAR,COLORACAO,PERMANENTE,BASICO,LOURO,,
339,TINT CAPICILIN BAN BRI VERME CEREJ 100G,CAPICILIN,NAO MEDICAMENTO,BELEZA,CUIDADO CAPILAR,COLORACAO,SEMIPERMANENTE,BASICO,VERMELHO,,
340,TINTURA BIOCOLOR GEL LOURO MÉDIO 36,BIOCOLOR,NAO MEDICAMENTO,BELEZA,CUIDADO CAPILAR,COLORACAO,PERMANENTE,BASICO,LOURO,,
341,TINT LUMINOUS 12.0 LOURO CLARO NATURAL,AROMA DO CAMPO,NAO MEDICAMENTO,BELEZA,CUIDADO CAPILAR,COLORACAO,PERMANENTE,BASICO,LOURO,,
342,Coloração Nutrisse Creme 61 Café Gelado,NUTRISSE,NAO MEDICAMENTO,BELEZA,CUIDADO CAPILAR,COLORACAO,PERMANENTE,INTERMEDIARIO,CASTANHO,,
343,TINTURA OLIA PRETO PROFUNDO 1.0,OLIA,NAO MEDICAMENTO,BELEZA,CUIDADO CAPILAR,COLORACAO,PERMANENTE,BASICO,PRETO,,
344,TINTURA COR&TON MEGA COLORS MARRON INTENSO PROFUNDO 5.777,COR&TON,NAO MEDICAMENTO,BELEZA,CUIDADO CAPILAR,COLORACAO,PERMANENTE,BASICO,CASTANHO,,
345,TINT BIOCOL 6.6 VERME INTEN 2 UN + ESP,BIOCOLOR,NAO MEDICAMENTO,BELEZA,CUIDADO CAPILAR,COLORACAO,PERMANENTE,BASICO,LOURO,,
346,TINT BRILHO&TON 5.0 CASTANHO AMENDOA,BRILHO&TON,NAO MEDICAMENTO,BELEZA,CUIDADO CAPILAR,COLORACAO,PERMANENTE,BASICO,LOURO,,
347,TINTURA KOLESTON PRETO AZULADO 28 GRÁTIS TRATAMENTO GLOSS INTENSO 40ML,KOLESTON,NAO MEDICAMENTO,BELEZA,CUIDADO CAPILAR,COLORACAO,PERMANENTE,INTERMEDIARIO,PRETO,,
348,TINT FIO&TON 8.0 LOURO CLARO MINI KIT,FIO&TON,NAO MEDICAMENTO,BELEZA,CUIDADO CAPILAR,COLORACAO,PERMANENTE,BASICO,LOURO,,
349,TINTA NIELY COR&TON 8.26 MARSALA AÇAÍ,COR&TON,NAO MEDICAMENTO,BELEZA,CUIDADO CAPILAR,COLORACAO,PERMANENTE,BASICO,VERMELHO,,
350,TINTURA KOLESTON RETOQUE RAIZ LOURO COR MEDIO 70,KOLESTON,NAO MEDICAMENTO,BELEZA,CUIDADO CAPILAR,COLORACAO,PERMANENTE,INTERMEDIARIO,LOURO,,
351,TINTURA MAXTON DELÍCIAS MARROM CARAMELO 7.37,MAXTON,NAO MEDICAMENTO,BELEZA,CUIDADO CAPILAR,COLORACAO,PERMANENTE,BASICO,MARROM,,
352,TINT MAXTON 7.1 LOURO CINZA MED MINI KIT,MAXTON,NAO MEDICAMENTO,BELEZA,CUIDADO CAPILAR,COLORACAO,PERMANENTE,BASICO,LOURO,,
353,TINT LUMINOUS 10.1 LOUR CLARISS ACINZE,AROMA DO CAMPO,NAO MEDICAMENTO,BELEZA,CUIDADO CAPILAR,COLORACAO,PERMANENTE,BASICO,LOURO,,
354,TINTURA PREFERENCE LOURO CLARO DOURADO 83,PREFERENCE,NAO MEDICAMENTO,BELEZA,CUIDADO CAPILAR,COLORACAO,PERMANENTE,BASICO,LOURO,,
355,"TINTURA IMEDIA EXCELLENCE CASTANHO CLARO DOURADO 5,3 GRATIS CONDICIONADOR",IMEDIA EXCELLENCE,NAO MEDICAMENTO,BELEZA,CUIDADO CAPILAR,COLORACAO,PERMANENTE,PREMIUM,CASTANHO,,
356,TINTURA IMÉDIA EXCELENCE LOURO CLARÍSSIMO 10,IMEDIA EXCELLENCE,NAO MEDICAMENTO,BELEZA,CUIDADO CAPILAR,COLORACAO,PERMANENTE,PREMIUM,LOURO,,
357,TINTURA COR&TON KIT LOURO ESCURO 6.0,COR&TON,NAO MEDICAMENTO,BELEZA,CUIDADO CAPILAR,COLORACAO,PERMANENTE,BASICO,LOURO,,
358,TINTURA NUTRISSE LOURO MÉDIO 7.0 MINI KIT,NUTRISSE,NAO MEDICAMENTO,BELEZA,CUIDADO CAPILAR,COLORACAO,PERMANENTE,INTERMEDIARIO,LOURO,,
359,TINTA SALON LINE LIGHT COLOR PRETO 2.0,SALON LINE,NAO MEDICAMENTO,BELEZA,CUIDADO CAPILAR,COLORACAO,PERMANENTE,BASICO,PRETO,,
360,TINTURA FLEURY ACAJU 5.5,FLEURY,NAO MEDICAMENTO,BELEZA,CUIDADO CAPILAR,COLORACAO,SEMIPERMANENTE,BASICO,CASTANHO,,
361,KIT COM 2  TINTURAS IMÉDIA EXCELLENCE LOURO ESCURO 6 COM 40% DE DESCONTO NA SEGUNDA UNIDADE,IMEDIA EXCELLENCE,NAO MEDICAMENTO,BELEZA,CUIDADO CAPILAR,COLORACAO,PERMANENTE,PREMIUM,LOURO,,
362,TINT CASTING CREME GLOSS 535 + COND KIT,CASTING CREME GLOSS,NAO MEDICAMENTO,BELEZA,CUIDADO CAPILAR,COLORACAO,PERMANENTE,BASICO,LOURO,,
363,TINTURA IMÉDIA EXCELLENCE EXPRESS CASTANHO PROFUNDO 4.3,IMEDIA EXCELLENCE,NAO MEDICAMENTO,BELEZA,CUIDADO CAPILAR,COLORACAO,PERMANENTE,PREMIUM,CASTANHO,,
364,TINT MAXTON 70.47 CHOC COM AVELA,MAXTON,NAO MEDICAMENTO,BELEZA,CUIDADO CAPILAR,COLORACAO,PERMANENTE,BASICO,LOURO,,
365,TINT NUTRISSE 210 CAFE AZULA+ COND GRTS,NUTRISSE,NAO MEDICAMENTO,BELEZA,CUIDADO CAPILAR,COLORACAO,PERMANENTE,BASICO,LOURO,,
366,TINTURA COR & TON LOURO PLATINADO 12.11,COR&TON,NAO MEDICAMENTO,BELEZA,CUIDADO CAPILAR,COLORACAO,PERMANENTE,BASICO,LOURO,,
367,TINTURA COR & TON LOURO ESCURO TABACO 6.88,COR&TON,NAO MEDICAMENTO,BELEZA,CUIDADO CAPILAR,COLORACAO,PERMANENTE,BASICO,LOURO,,
368,TINTURA BIOCOLOR SOS RAIZ CASTANHO ESCURO CHIQUE 3.0,BIOCOLOR,NAO MEDICAMENTO,BELEZA,CUIDADO CAPILAR,COLORACAO,PERMANENTE,BASICO,CASTANHO,,
369,TINTURA OLIA LOURO ESCURO DOURADO 6.3,OLIA,NAO MEDICAMENTO,BELEZA,CUIDADO CAPILAR,COLORACAO,PERMANENTE,BASICO,LOURO,,
370,TINTURA SOFT COLOR CAFÉ EXPRESSO 10,SOFT COLOR,NAO MEDICAMENTO,BELEZA,CUIDADO CAPILAR,COLORACAO,SEMIPERMANENTE,BASICO,CASTANHO,,
371,TINTURA IMÉDIA EXCELLENCE PRETO PEROLADO 2.8+,IMEDIA EXCELLENCE,NAO MEDICAMENTO,BELEZA,CUIDADO CAPILAR,COLORACAO,PERMANENTE,PREMIUM,PRETO,,
372,CONDICIONADOR PALMOLIVE NATURALS LONGO SEDUTOR 350ML,PALMOLIVE,NAO MEDICAMENTO,BELEZA,CUIDADO CAPILAR,CONDICIONADOR,TRATAMENTO,BASICO,FEMININO,,
373,CONDICIONADOR GIOVANNA BABY CONCEPT INTENSIVE BLUE 235ML,GIOVANNA BABY,NAO MEDICAMENTO,BELEZA,CUIDADO CAPILAR,CONDICIONADOR,TRATAMENTO,INTERMEDIARIO,FEMININO,,
374,COND AMEND REPARADOR 250ML,AMEND,NAO MEDICAMENTO,BELEZA,CUIDADO CAPILAR,CONDICIONADOR,TRATAMENTO,SUPER PREMIUM,FEMININO,,
375,CONDICIONADOR EUME POS QUIMICA 250ML,EUME,NAO MEDICAMENTO,BELEZA,CUIDADO CAPILAR,CONDICIONADOR,TRATAMENTO,INTERMEDIARIO,FEMININO,,
376,COND CAPICILIN CACHOS HIDRAT 250ML,CAPICILIN,NAO MEDICAMENTO,BELEZA,CUIDADO CAPILAR,CONDICIONADOR,TRATAMENTO,SUPER PREMIUM,FEMININO,,
377,Condicionador Anticaspa Head & Shoulders Remoção da Oleosidade 200ml,HEAD & SHOULDERS,NAO MEDICAMENTO,BELEZA,CUIDADO CAPILAR,CONDICIONADOR,ANTICASPA,ANTICASPA,FEMININO,,
378,CONDICIONADOR PHYTOERVAS COLÁGENO ELASTINA 250ML,PHYTOERVAS,NAO MEDICAMENTO,BELEZA,CUIDADO CAPILAR,CONDICIONADOR,TRATAMENTO,PREMIUM,FEMININO,,
379,COND JOHN FRIEDA FLAWLES STRAIGHT 2,JOHN FRIEDA,NAO MEDICAMENTO,BELEZA,CUIDADO CAPILAR,CONDICIONADOR,ANTIQUEDA,INTERMEDIARIO,FEMININO,,
380,COND TRAT CHOQ CAPICILIN VIT AE 40ML X12,CAPICILIN,NAO MEDICAMENTO,BELEZA,CUIDADO CAPILAR,CONDICIONADOR,TRATAMENTO,SUPER PREMIUM,FEMININO,,
381,CONDICIONADOR DAUF RESTAURAÇÃO 500ML,DAUF,NAO MEDICAMENTO,BELEZA,CUIDADO CAPILAR,CONDICIONADOR,TRATAMENTO,INTERMEDIARIO,FEMININO,,
382,CONDICIONADOR VITA DERM AÇAÍ JUÁ 200G,VITA DERM,NAO MEDICAMENTO,BELEZA,CUIDADO CAPILAR,CONDICIONADOR,TRATAMENTO,PREMIUM,FEMININO,,
383,CONDICIONADOR WELLA PROSERIES COLOR 200ML ,WELLA PROSERIES,NAO MEDICAMENTO,BELEZA,CUIDADO CAPILAR,CONDICIONADOR,TRATAMENTO,PREMIUM,FEMININO,,
384,CONDICIONADOR ELSEVE QUERA-LISO LEVE E SEDOSO 200ML.,ELSEVE,NAO MEDICAMENTO,BELEZA,CUIDADO CAPILAR,CONDICIONADOR,TRATAMENTO,INTERMEDIARIO,FEMININO,,
385,CONDICIONADOR SEDA KERAFORCE QUÍMICA 325ML,SEDA,NAO MEDICAMENTO,BELEZA,CUIDADO CAPILAR,CONDICIONADOR,TRATAMENTO,BASICO,FEMININO,,
386,COND SEDA HIDRAT ANTI NOS 350ML,SEDA,NAO MEDICAMENTO,BELEZA,CUIDADO CAPILAR,CONDICIONADOR,TRATAMENTO,BASICO,FEMININO,,
387,CONDICIONADOR ANTIQUEDA CLEAR DERMA SOLUTIONS 300ML,CLEAR,NAO MEDICAMENTO,BELEZA,CUIDADO CAPILAR,CONDICIONADOR,ANTIQUEDA,PREMIUM,FEMININO,,
388,CONDICIONADOR JOICO BLONDE LIFE BRIG 250ML,JOICO,NAO MEDICAMENTO,BELEZA,CUIDADO CAPILAR,CONDICIONADOR,TRATAMENTO,SUPER PREMIUM,FEMININO,,
389,CONDICIONADOR FRUCTIS FRESCOR VITAMINADO 200ML,FRUCTIS,NAO MEDICAMENTO,BELEZA,CUIDADO CAPILAR,CONDICIONADOR,TRATAMENTO,POPULAR,FEMININO,,
390,Condicionador L'Oréal Paris Elseve Reparação Total 5+ Com 400ml,ELSEVE,NAO MEDICAMENTO,BELEZA,CUIDADO CAPILAR,CONDICIONADOR,TRATAMENTO,INTERMEDIARIO,FEMININO,,
391,Condicionador Pantene Expert Collection Advanced Keratin Repair 250ml,PANTENE,NAO MEDICAMENTO,BELEZA,CUIDADO CAPILAR,CONDICIONADOR,TRATAMENTO,INTERMEDIARIO,FEMININO,,
392,CONDICIONADOR PANTENE LISO EXTREMO 750ML,PANTENE,NAO MEDICAMENTO,BELEZA,CUIDADO CAPILAR,CONDICIONADOR,TRATAMENTO,INTERMEDIARIO,FEMININO,,
393,CONDICIONADOR SEDA PUREZA DETOX 325ML,SEDA,NAO MEDICAMENTO,BELEZA,CUIDADO CAPILAR,CONDICIONADOR,TRATAMENTO,BASICO,FEMININO,,
394,CONDICIONADOR DOVE HIDRATAÇÃO INTENSA 200ML,DOVE,NAO MEDICAMENTO,BELEZA,CUIDADO CAPILAR,CONDICIONADOR,TRATAMENTO,INTERMEDIARIO,FEMININO,,
395,CONDICIONADOR SEDA BOMBA DE ARGAN 325ML,SEDA,NAO MEDICAMENTO,BELEZA,CUIDADO CAPILAR,CONDICIONADOR,TRATAMENTO,BASICO,FEMININO,,
396,CONDICIONADOR ÉH CABELOS COLORIDOS 300ML,EH,NAO MEDICAMENTO,BELEZA,CUIDADO CAPILAR,CONDICIONADOR,TRATAMENTO,PREMIUM,FEMININO,,
397,CONDICIONADOR PANTENE HIDRATAÇÃO 175ML,PANTENE,NAO MEDICAMENTO,BELEZA,CUIDADO CAPILAR,CONDICIONADOR,TRATAMENTO,INTERMEDIARIO,FEMININO,,
398,CONDICIONADOR FRUCTIS CABELOS NORMAIS 200ML.,FRUCTIS,NAO MEDICAMENTO,BELEZA,CUIDADO CAPILAR,CONDICIONADOR,TRATAMENTO,POPULAR,FEMININO,,
399,CONDICIONADOR JOHN FRIEDA GO BLONDER LIGHTENING 245ML,JOHN FRIEDA,NAO MEDICAMENTO,BELEZA,CUIDADO CAPILAR,CONDICIONADOR,TRATAMENTO,SUPER PREMIUM,FEMININO,,
400,CONDICIONADOR CADIVEU HAIR REMEDY 250ML,CADIVEU,NAO MEDICAMENTO,BELEZA,CUIDADO CAPILAR,CONDICIONADOR,VEGANO,SUPER PREMIUM,FEMININO,,
401,CONDICIONADOR ELSEVE SUPREME CONTROL 4D 200ML,ELSEVE,NAO MEDICAMENTO,BELEZA,CUIDADO CAPILAR,CONDICIONADOR,TRATAMENTO,INTERMEDIARIO,FEMININO,,
402,CONDICIONADOR EUDORA SIÀGE VOLUME IMEDIATO 200ML,SIAGE,NAO MEDICAMENTO,BELEZA,CUIDADO CAPILAR,CONDICIONADOR,TRATAMENTO,PREMIUM,FEMININO,,
403,COND TRATTA CACHOS 290ML,TRATTA,NAO MEDICAMENTO,BELEZA,CUIDADO CAPILAR,CONDICIONADOR,TRATAMENTO,SUPER PREMIUM,FEMININO,,
404,COND WELLA PROSERIES COLOR 500ML,WELLA PROSERIES,NAO MEDICAMENTO,BELEZA,CUIDADO CAPILAR,CONDICIONADOR,TRATAMENTO,PREMIUM,FEMININO,,
405,CRM DE TRAT CAPIL NOVEX BARB 1KG,NOVEX,NAO MEDICAMENTO,BELEZA,CUIDADO CAPILAR,CONDICIONADOR,TRATAMENTO,BASICO,FEMININO,,
406,CONDICIONADOR KOLENE CURVATURAS NUTRIÇÃO & ULTRADEFINIÇÃO MANTEIGA DE ABACATE + COLÁGENO VEGETAL FRASCO 300ML,KOLENE,NAO MEDICAMENTO,BELEZA,CUIDADO CAPILAR,CONDICIONADOR,TRATAMENTO,BASICO,FEMININO,,
407,COND FIO&PONTAS S RED VOL 300ML,FIO&PONTAS,NAO MEDICAMENTO,BELEZA,CUIDADO CAPILAR,CONDICIONADOR,TRATAMENTO,SUPER PREMIUM,FEMININO,,
408,CONDICIONADOR ÓLEO DE COCO 3X1 BOZZANO CACHOS FRASCO 200ML,BOZZANO,NAO MEDICAMENTO,BELEZA,CUIDADO CAPILAR,CONDICIONADOR,TRADICIONAL,POPULAR,UNISSEX,,
409,"CONDICIONADOR BIO EXTRATUS ANTIQUEDA JABORANDI ALECRIM, QUILAIA 250ML",BIO EXTRATUS,NAO MEDICAMENTO,BELEZA,CUIDADO CAPILAR,CONDICIONADOR,TRATAMENTO,PREMIUM,FEMININO,,
410,CONDICIONADOR DOVE RITUAL DETOX 400 ML,DOVE,NAO MEDICAMENTO,BELEZA,CUIDADO CAPILAR,CONDICIONADOR,TRATAMENTO,INTERMEDIARIO,FEMININO,,
411,CONDICIONADOR OX TUTANO BOI HIDRATANTE 250ML,OX,NAO MEDICAMENTO,BELEZA,CUIDADO CAPILAR,CONDICIONADOR,TRATAMENTO,INTERMEDIARIO,FEMININO,,
412,SUPER CONDICIONADOR TRESEMMÉ 1 MINUTO BLINDAGEM ANTIFRIZZ 170ML,TRESEMME,NAO MEDICAMENTO,BELEZA,CUIDADO CAPILAR,CONDICIONADOR,TRATAMENTO,INTERMEDIARIO,FEMININO,,
413,CONDICIONADOR GRANADO TERRAPEUTICS LAVANDA 180ML,GRANADO,NAO MEDICAMENTO,BELEZA,CUIDADO CAPILAR,CONDICIONADOR,TRATAMENTO,INTERMEDIARIO,FEMININO,,
414,COND OPUS SALON DESMAIA FIOS 300ML,SALON OPUS,NAO MEDICAMENTO,BELEZA,CUIDADO CAPILAR,CONDICIONADOR,TRATAMENTO,SUPER PREMIUM,FEMININO,,
415,CONDICIONADOR EUDORA SIÀGE NUTRI ROSÉ 400ML,SIAGE,NAO MEDICAMENTO,BELEZA,CUIDADO CAPILAR,CONDICIONADOR,TRATAMENTO,PREMIUM,FEMININO,,
416,COND PLANTONY OJON 250ML,PLANTONY,NAO MEDICAMENTO,BELEZA,CUIDADO CAPILAR,CONDICIONADOR,TRATAMENTO,SUPER PREMIUM,FEMININO,,
417,CONDICIONADOR VULT CABELOS ÓLEOS PODEROSOS NUTRIÇÃO 325ML,VULT CABELO,NAO MEDICAMENTO,BELEZA,CUIDADO CAPILAR,CONDICIONADOR,TRATAMENTO,INTERMEDIARIO,FEMININO,,
418,CONDICIONADOR SEDA LISO EXTREMO FRASCO 325ML,SEDA,NAO MEDICAMENTO,BELEZA,CUIDADO CAPILAR,CONDICIONADOR,TRATAMENTO,SUPER PREMIUM,FEMININO,,
419,CONDICIONADOR OX GLICÓLICO 240ML,OX,NAO MEDICAMENTO,BELEZA,CUIDADO CAPILAR,CONDICIONADOR,TRATAMENTO,BASICO,FEMININO,,
420,CONDICIONADOR EUME RECONSTRUÇÃO 250ML,EUME,NAO MEDICAMENTO,BELEZA,CUIDADO CAPILAR,CONDICIONADOR,TRATAMENTO,INTERMEDIARIO,FEMININO,,
421,CONDICIONADOR PANTENE PROV-MIRACLES QUERATINA 250ML,PANTENE,NAO MEDICAMENTO,BELEZA,CUIDADO CAPILAR,CONDICIONADOR,TRATAMENTO,INTERMEDIARIO,FEMININO,,
422,MÁSCARA CAPILAR EUDORA SIÀGE PRÉ E PÓS-ALISAMENTO CAUTERIZAÇÃO DOS LISOS 250G,SIAGE,NAO MEDICAMENTO,BELEZA,CUIDADO CAPILAR,TRATAMENTO,TRADICIONAL,PREMIUM,CREME,,
423,"Creme de Tratamento L'Oréal Paris Elseve Hidra Hialurônico, 300g",ELSEVE,NAO MEDICAMENTO,BELEZA,CUIDADO CAPILAR,TRATAMENTO,TRADICIONAL,INTERMEDIARIO,CREME,,
424,CREME DE TRATAMENTO MONANGE PROTEÇÃO DA COR 300G,MONANGE,NAO MEDICAMENTO,BELEZA,CUIDADO CAPILAR,TRATAMENTO,ANTICASPA,BASICO,CREME,,
425,CREME DE TRATAMENTO SEDA ÓLEO HIDRATAÇÃO 400G,SEDA,NAO MEDICAMENTO,BELEZA,CUIDADO CAPILAR,TRATAMENTO,TRADICIONAL,BASICO,CREME,,
426,TRATAMENTO CAPILAR  SKAFE CRESCIMENTO 10ML,SKAFE,NAO MEDICAMENTO,BELEZA,CUIDADO CAPILAR,TRATAMENTO,HIDRATANTE,BASICO,CREME,,
427,MASCARA FOREVER LISS DESMAIA CABELO 350GR,FOREVER LISS,NAO MEDICAMENTO,BELEZA,CUIDADO CAPILAR,TRATAMENTO,SILICONE,PREMIUM,FEMININO,,
428,Máscara de Tratamento Pantene Summer 300ml,PANTENE,NAO MEDICAMENTO,BELEZA,CUIDADO CAPILAR,TRATAMENTO,TRADICIONAL,INTERMEDIARIO,CREME,,
429,MÁSCARA WIDI CARE HIDRO-NUTRITIVA JUBA 500G,WIDI CARE,NAO MEDICAMENTO,BELEZA,CUIDADO CAPILAR,TRATAMENTO,VEGANO,PREMIUM,CREME,,
430,LEAVE-IN BED HEAD SCREW IT 100ML,BED HEAD,NAO MEDICAMENTO,BELEZA,CUIDADO CAPILAR,TRATAMENTO,TRADICIONAL,PREMIUM,LOCAO,,
431,CREME DE TRATAMENTO TRESEMME QUERATINA 1KG,TRESEMME,NAO MEDICAMENTO,BELEZA,CUIDADO CAPILAR,TRATAMENTO,TRADICIONAL,INTERMEDIARIO,CREME,,
432,CREME DE TRATAMENTO TRESEMMÉ PROTEÇÃO TERMICA 1KG,TRESEMME,NAO MEDICAMENTO,BELEZA,CUIDADO CAPILAR,TRATAMENTO,TRADICIONAL,INTERMEDIARIO,CREME,,
433,MÁSCARA CAPILAR EUDORA CICA-THERAPY  REFIL 250G,SIAGE,NAO MEDICAMENTO,BELEZA,CUIDADO CAPILAR,TRATAMENTO,TRADICIONAL,PREMIUM,CREME,,
434,CREME DE TRATAMENTO WELLA PROSERIES COLOR 300ML,WELLA PROSERIES,NAO MEDICAMENTO,BELEZA,CUIDADO CAPILAR,TRATAMENTO,TRADICIONAL,PREMIUM,CREME,,
435,CREME DE TRATAMENTO NIELY BOMBA COMPRIDOS + FORTES AMPOLA 150ML,NIELY GOLD,NAO MEDICAMENTO,BELEZA,CUIDADO CAPILAR,TRATAMENTO,TRADICIONAL,BASICO,AMPOLA,,
436,CREME DE TRATAMENTO BELEZA NATURAL CACHOS INTENSOS 500G,BELEZA NATURAL,NAO MEDICAMENTO,BELEZA,CUIDADO CAPILAR,TRATAMENTO,TRADICIONAL,BASICO,CREME,,
437,MASC HID BLOND BIOFLEX 250G,BIO EXTRATUS,NAO MEDICAMENTO,BELEZA,CUIDADO CAPILAR,TRATAMENTO,TRADICIONAL,BASICO,CREME,,
438,CREME DE TRATAMENTO HEAD & SHOULDERS DETOX 30ML,HEAD & SHOULDERS,NAO MEDICAMENTO,BELEZA,CUIDADO CAPILAR,TRATAMENTO,ANTICASPA,ANTICASPA,CREME,,
439,CREME DE TRATAMENTO BIO EXTRATUS PÓS QUIMICA 1KG,BIO EXTRATUS,NAO MEDICAMENTO,BELEZA,CUIDADO CAPILAR,TRATAMENTO,TRADICIONAL,PREMIUM,CREME,,
440,ACIDIFICANTE OX GLICÓLICO 200ML,OX,NAO MEDICAMENTO,BELEZA,CUIDADO CAPILAR,TRATAMENTO,TRADICIONAL,BASICO,SPRAY,,
441,CREME DE TRATAMENTO SEDA CACHOS DEFINIDOS 400G,SEDA,NAO MEDICAMENTO,BELEZA,CUIDADO CAPILAR,TRATAMENTO,TRADICIONAL,BASICO,CREME,,
442,MASCARA DE TRATAMENTO BED HEAD RECOVERY CABELOS RESSECADOS 200G,BED HEAD,NAO MEDICAMENTO,BELEZA,CUIDADO CAPILAR,TRATAMENTO,TRADICIONAL,PREMIUM,CREME,,
443,SPRAY TRUSS RECONSTRUTOR CAPILAR USO OBRIGATORIO LA MODA 260ML,TRUSS,NAO MEDICAMENTO,BELEZA,CUIDADO CAPILAR,TRATAMENTO,TRADICIONAL,PREMIUM,SPRAY,,
444,TRATAMENTO AUSSIE SMOOTH 3 MINUTE MIRACLE 236ML,AUSSIE,NAO MEDICAMENTO,BELEZA,CUIDADO CAPILAR,TRATAMENTO,TRADICIONAL,PREMIUM,CREME,,
445,SERUM NEXXUS NUTRITIVE ENCAPSULATE 60ML,NEXXUS,NAO MEDICAMENTO,BELEZA,CUIDADO CAPILAR,TRATAMENTO,TRADICIONAL,PREMIUM,SERUM,,
446,QUERATINA E PRO-VITAMINA B5 PANTENE PRO-V MIRACLES PREENCHE   BLINDA FRASCO 160ML SPRAY,PANTENE,NAO MEDICAMENTO,BELEZA,CUIDADO CAPILAR,TRATAMENTO,TRADICIONAL,BASICO,TONICO,,
447,AMPOLA CAPILAR PANTENE  PÉROLAS PRO-VITAMINAS NUTRIÇÃO UMECTANTE 45 ML,PANTENE,NAO MEDICAMENTO,BELEZA,CUIDADO CAPILAR,TRATAMENTO,TRADICIONAL,INTERMEDIARIO,CREME,,
448,MÁSCARA EUDORA SIAGE NUTRI OURO 250G,SIAGE,NAO MEDICAMENTO,BELEZA,CUIDADO CAPILAR,TRATAMENTO,TRADICIONAL,PREMIUM,CREME,,
449,MASCARA CAPILAR BRAE STAGES NUTRIÇÃO 200G,BRAÉ,NAO MEDICAMENTO,BELEZA,CUIDADO CAPILAR,TRATAMENTO,TRADICIONAL,SUPER PREMIUM,CREME,,
450,MÁSCARA CAPILAR AMEND SOLAR DEFENSE ANTIDANOS 300G,AMEND,NAO MEDICAMENTO,BELEZA,CUIDADO CAPILAR,TRATAMENTO,TRADICIONAL,PREMIUM,CREME,,
451,MÁSCARA AMEND PÓS PROGRESSIVA RECONSTRUÇÃO INTENSIFICADORA 300G,AMEND,NAO MEDICAMENTO,BELEZA,CUIDADO CAPILAR,TRATAMENTO,TRADICIONAL,PREMIUM,CREME,,
452,MÁSCARA CAPILAR CONCENTRADA EUDORA SIÀGE NUTRI ACID.COMPLEX 250G,SIAGE,NAO MEDICAMENTO,BELEZA,CUIDADO CAPILAR,TRATAMENTO,TRADICIONAL,PREMIUM,CREME,,
453,TÔNICO FORTALECEDOR BIOTINA E VITAMINA B5 NIELY GOLD SALVA FIOS FRASCO 100ML SPRAY,NIELY GOLD,NAO MEDICAMENTO,BELEZA,CUIDADO CAPILAR,TRATAMENTO,TRADICIONAL,BASICO,TONICO,,
454,MASCARA HIDRATANTE P MOS - HAND MASK,OCEANE,NAO MEDICAMENTO,BELEZA,CUIDADO CAPILAR,TRATAMENTO,HIDRATANTE,BASICO,CREME,,
455,TON CAP NATUHAIR ALECRIM 115ML OLEO,NATUHAIR,NAO MEDICAMENTO,BELEZA,CUIDADO CAPILAR,TRATAMENTO,ANTICASPA,ANTICASPA,CREME,,
456,TRATAMENTO AUSSIE STRONG 3 MINUTE MIRACLE 236ML,AUSSIE,NAO MEDICAMENTO,BELEZA,CUIDADO CAPILAR,TRATAMENTO,TRADICIONAL,PREMIUM,CREME,,
457,CREME DE TRATAMENTO TRESEMMÉ DOSE DE CHOQUE BLINDAGEM PLATINUM COM 3 AMPOLAS DE 12ML,TRESEMME,NAO MEDICAMENTO,BELEZA,CUIDADO CAPILAR,TRATAMENTO,TRADICIONAL,INTERMEDIARIO,AMPOLA,,
458,KIT CREME DE TRATAMENTO KOLENE HIDRATAÇÃO + NUTRIÇÃO + RECONSTRUÇÃO CRONOGRAMA COMPLETO 3 UNIDADES DE 500G CADA,KOLENE,NAO MEDICAMENTO,BELEZA,CUIDADO CAPILAR,TRATAMENTO,TRADICIONAL,BASICO,FEMININO,,
459,TON CAP NATUHAIR RICINO 115ML OLEO,NATUHAIR,NAO MEDICAMENTO,BELEZA,CUIDADO CAPILAR,TRATAMENTO,ANTICASPA,ANTICASPA,CREME,,
460,KIT SH INOAR DAYMOIST 250ML + COND,INOAR,NAO MEDICAMENTO,BELEZA,CUIDADO CAPILAR,TRATAMENTO,ANTICASPA,ANTICASPA,CREME,,
461,MÁSCARA CAPILAR REPOSITORA EUDORA SIÀGE EXPERT REGENERAÇÃO PÓS QUÍMICA 500G,SIAGE,NAO MEDICAMENTO,BELEZA,CUIDADO CAPILAR,TRATAMENTO,TRADICIONAL,PREMIUM,CREME,,
462,TONICO LOVE BEAUTY AND PLANET CRESCIMENTO SAUDAVEL 120ML,LOVE BEAUTY AND PLANET,NAO MEDICAMENTO,BELEZA,CUIDADO CAPILAR,TRATAMENTO,VEGANO,PREMIUM,TONICO,,
463,CREME DE TRATAMENTO TRESEMME SELAGEM CAPILAR CRESPO ORIGINAL 1KG,TRESEMME,NAO MEDICAMENTO,BELEZA,CUIDADO CAPILAR,TRATAMENTO,TRADICIONAL,INTERMEDIARIO,CREME,,
464,Máscara Revitalizador de Brilho Revie 170ml,REVIE,NAO MEDICAMENTO,BELEZA,CUIDADO CAPILAR,TRATAMENTO,TRADICIONAL,BASICO,CREME,,
465,CREME DE TRATAMENTO PANTENE SERUM REPARADOR 151ML,PANTENE,NAO MEDICAMENTO,BELEZA,CUIDADO CAPILAR,TRATAMENTO,TRADICIONAL,INTERMEDIARIO,SERUM,,
466,COND MASCARA CAPICILIN SOS 280 G,CAPICILIN,NAO MEDICAMENTO,BELEZA,CUIDADO CAPILAR,TRATAMENTO,HIDRATANTE,BASICO,FEMININO,,
467,LEAVE IN WELLA INVIGO SUN 150ML,WELLA,NAO MEDICAMENTO,BELEZA,CUIDADO CAPILAR,TRATAMENTO,TRADICIONAL,PREMIUM,FEMININO,,
468,CREME DE HIDRATAÇÃO MÁXIMA NIELY  GOLD EXTRA BRILHO 430G,NIELY GOLD,NAO MEDICAMENTO,BELEZA,CUIDADO CAPILAR,TRATAMENTO,TRADICIONAL,BASICO,CREME,,
469,CREME DE TRATAMENTO FRUCTIS LISO ABSOLUTO PÓS QUIMICA 300ML,FRUCTIS,NAO MEDICAMENTO,BELEZA,CUIDADO CAPILAR,TRATAMENTO,TRADICIONAL,BASICO,CREME,,
470,TRATAMENTO CAPILAR SKAFE VITAMINA A 10ML,SKAFE,NAO MEDICAMENTO,BELEZA,CUIDADO CAPILAR,TRATAMENTO,TRADICIONAL,BASICO,FEMININO,,
471,CREME MULTIFUNCIONAL NIELY GOLD CACHOS DEFINIÇÃO PROLONGADA 72H COM 430G,NIELY GOLD,NAO MEDICAMENTO,BELEZA,CUIDADO CAPILAR,TRATAMENTO,TRADICIONAL,BASICO,CREME,,
472,PROTETOR SOLAR CAPILAR SPRAY DERMAGE PHOTOAGE KPF50+ 120ML,DERMAGE,NAO MEDICAMENTO,DERMO,CUIDADO CAPILAR,PROTETOR CAPILAR,PFS50,TODO TIPO DE PELE,SPRAY,,
0,ACETONA RIOQUIMICA 500ML,RIOQUIMICA,NAO MEDICAMENTO,BELEZA,MANICURE E PEDICURE,REMOVEDOR ESMALTE,COM ACETONA,,,REMOVEDOR,REGULAR
1,REMOV ESM ZULU SEDUCTION 9,ZULU,NAO MEDICAMENTO,BELEZA,MANICURE E PEDICURE,REMOVEDOR ESMALTE,SEM ACETONA,,,REMOVEDOR,REGULAR
2,REMOVEDOR CARE ESMALTE RISQUÉ 100ML,RISQUE,NAO MEDICAMENTO,BELEZA,MANICURE E PEDICURE,REMOVEDOR ESMALTE,COM ACETONA,,,REMOVEDOR,REGULAR
3,REMOVEDOR DE ESMALTE AMORAVEL BEAUTY EXPRESS 75ML,AMORAVEL,NAO MEDICAMENTO,BELEZA,MANICURE E PEDICURE,REMOVEDOR ESMALTE,COM ACETONA,,,REMOVEDOR,REGULAR
4,REMOV ESM RICCA LENCO 32UND,RICCA,NAO MEDICAMENTO,BELEZA,MANICURE E PEDICURE,REMOVEDOR ESMALTE,LENCO,,,REMOVEDOR,NAO DEFINIDO
5,LENÇO REMOVEDOR DE ESMALTE AMORAVEL UVA COM 25 UNIDADES,AMORAVEL,NAO MEDICAMENTO,BELEZA,MANICURE E PEDICURE,REMOVEDOR ESMALTE,SEM ACETONA,,,REMOVEDOR,REGULAR
6,ACETONA ALYNE 100ML,ALYNE,NAO MEDICAMENTO,BELEZA,MANICURE E PEDICURE,REMOVEDOR ESMALTE,COM ACETONA,,,REMOVEDOR,REGULAR
7,ACETONA RISQUÉ 100ML,RISQUE,NAO MEDICAMENTO,BELEZA,MANICURE E PEDICURE,REMOVEDOR ESMALTE,COM ACETONA,,,REMOVEDOR,REGULAR
8,LENÇO REMOVEDOR DE ESMALTE AMORAVEL OJON COM 25 UNIDADES,AMORAVEL,NAO MEDICAMENTO,BELEZA,MANICURE E PEDICURE,REMOVEDOR ESMALTE,SEM ACETONA,,,REMOVEDOR,REGULAR
9,LENÇOS REMOVEDOR DE ESMALTE OCEANE FEMME MORANGO COM 25 UNIDADES,OCEANE,NAO MEDICAMENTO,BELEZA,MANICURE E PEDICURE,REMOVEDOR ESMALTE,SEM ACETONA,,,REMOVEDOR,REGULAR
10,REMOV ESM FARMAX REMOVEDOR SEM ACET. UVA 100ML 12CX,FARMAX,NAO MEDICAMENTO,BELEZA,MANICURE E PEDICURE,REMOVEDOR ESMALTE,SEM ACETONA,,,REMOVEDOR,REGULAR
11,REMOVEDOR DE ESMALTES MADREVITA COM 100ML,MADREVITA,NAO MEDICAMENTO,BELEZA,MANICURE E PEDICURE,REMOVEDOR ESMALTE,COM ACETONA,,,REMOVEDOR,REGULAR
12,ACETONA ALYNE 100ML,ALYNE,NAO MEDICAMENTO,BELEZA,MANICURE E PEDICURE,REMOVEDOR ESMALTE,COM ACETONA,,,REMOVEDOR,REGULAR
13,REMOVEDOR ESMALTE PROFISSIONAL BE BETTER COM 8ML,BE BETTER,NAO MEDICAMENTO,BELEZA,MANICURE E PEDICURE,REMOVEDOR ESMALTE,COM ACETONA,,,REMOVEDOR,REGULAR
14,REMOVEDOR DE ESMALTE DAILUS 90ML,DAILUS,NAO MEDICAMENTO,BELEZA,MANICURE E PEDICURE,REMOVEDOR ESMALTE,SEM ACETONA,,,REMOVEDOR,REGULAR
15,LENÇO REMOVEDOR DE ESMALTE AMORAVEL AMENDOA COM 25 UNIDADES,AMORAVEL,NAO MEDICAMENTO,BELEZA,MANICURE E PEDICURE,REMOVEDOR ESMALTE,SEM ACETONA,,,REMOVEDOR,REGULAR
16,ACETONA FLORAMELIA 100ML,FLORAMELIA,NAO MEDICAMENTO,BELEZA,MANICURE E PEDICURE,REMOVEDOR ESMALTE,COM ACETONA,,,REMOVEDOR,REGULAR
17,ACETONA RIOQUIMICA 98ML,RIOQUIMICA,NAO MEDICAMENTO,BELEZA,MANICURE E PEDICURE,REMOVEDOR ESMALTE,COM ACETONA,,,REMOVEDOR,REGULAR
18,REMOV ESM FARMAX 10,FARMAX,NAO MEDICAMENTO,BELEZA,MANICURE E PEDICURE,REMOVEDOR ESMALTE,SEM ACETONA,,,REMOVEDOR,REGULAR
19,REMOV ESM IDEAL DE UVA 8ML,IDEAL,NAO MEDICAMENTO,BELEZA,MANICURE E PEDICURE,REMOVEDOR ESMALTE,SEM ACETONA,,,REMOVEDOR,REGULAR
20,ACETONA DAUF 100ML,DAUF,NAO MEDICAMENTO,BELEZA,MANICURE E PEDICURE,REMOVEDOR ESMALTE,COM ACETONA,,,REMOVEDOR,REGULAR
21,REMOVEDOR ESMALTE DAUF SEM ACETONA 100ML,DAUF,NAO MEDICAMENTO,BELEZA,MANICURE E PEDICURE,REMOVEDOR ESMALTE,SEM ACETONA,,,REMOVEDOR,REGULAR
22,ESPONJA REMOVEDORA DE ESMALTE DAUF SEM ACETONA UVA 75ML,DAUF,NAO MEDICAMENTO,BELEZA,MANICURE E PEDICURE,REMOVEDOR ESMALTE,SEM ACETONA,,,REMOVEDOR,REGULAR
23,REMOVEDOR DE ESMALTE DAUF COM ACETONA 100ML,DAUF,NAO MEDICAMENTO,BELEZA,MANICURE E PEDICURE,REMOVEDOR ESMALTE,COM ACETONA,,,REMOVEDOR,REGULAR
24,REMOVEDOR DE ESMALTE ADV COM ACETONA 100ML,ADV,NAO MEDICAMENTO,BELEZA,MANICURE E PEDICURE,REMOVEDOR ESMALTE,COM ACETONA,,,REMOVEDOR,REGULAR
25,ACETONA MADREVITA 100ML,MADREVITA,NAO MEDICAMENTO,BELEZA,MANICURE E PEDICURE,REMOVEDOR ESMALTE,COM ACETONA,,,REMOVEDOR,REGULAR
26,LENÇOS REMOVEDOR DE ESMALTE OCEANE FEMME SEM PERFUME COM 25 UNIDADES,OCEANE,NAO MEDICAMENTO,BELEZA,MANICURE E PEDICURE,REMOVEDOR ESMALTE,SEM ACETONA,,,REMOVEDOR,REGULAR
27,REMOV ESM FARMAX VIT E 10,FARMAX,NAO MEDICAMENTO,BELEZA,MANICURE E PEDICURE,REMOVEDOR ESMALTE,SEM ACETONA,,,REMOVEDOR,REGULAR
28,ACETONA ADV 100ML KIT ,ADV,NAO MEDICAMENTO,BELEZA,MANICURE E PEDICURE,REMOVEDOR ESMALTE,COM ACETONA,,,REMOVEDOR,REGULAR
29,ACETONA ADV P MENOS 100ML,PAGUE MENOS,NAO MEDICAMENTO,BELEZA,MANICURE E PEDICURE,REMOVEDOR ESMALTE,COM ACETONA,,,REMOVEDOR,REGULAR
30,ACETONA VAN ESS 100ML,VAN ESS,NAO MEDICAMENTO,BELEZA,MANICURE E PEDICURE,REMOVEDOR ESMALTE,COM ACETONA,,,REMOVEDOR,REGULAR
31,CANETA REMOVEDORA DE ESMALTE OCEANE FEMME,OCEANE,NAO MEDICAMENTO,BELEZA,MANICURE E PEDICURE,REMOVEDOR ESMALTE,SEM ACETONA,,,REMOVEDOR,REGULAR
32,LENÇO REMOVEDOR DE ESMALTE OCEANE FEMME,OCEANE,NAO MEDICAMENTO,BELEZA,MANICURE E PEDICURE,REMOVEDOR ESMALTE,SEM ACETONA,,,REMOVEDOR,REGULAR
33,REMOV ESM FARMAX REMOVEDOR COM ACETONA FARMAX 80ML 12CX,FARMAX,NAO MEDICAMENTO,BELEZA,MANICURE E PEDICURE,REMOVEDOR ESMALTE,COM ACETONA,,,REMOVEDOR,REGULAR
34,LENÇOS REMOVEDOR DE ESMALTE OCEANE ACQUA COM 25 UNIDADES,OCEANE,NAO MEDICAMENTO,BELEZA,MANICURE E PEDICURE,REMOVEDOR ESMALTE,SEM ACETONA,,,REMOVEDOR,REGULAR
35,REMOVEDOR DE ESMALTES GRANADO PINK SEM ACETONA 75ML,GRANADO,NAO MEDICAMENTO,BELEZA,MANICURE E PEDICURE,REMOVEDOR ESMALTE,SEM ACETONA,,,REMOVEDOR,REGULAR
36,REMOV ESM STUDIO EXPRESS 75ML,STUDIO,NAO MEDICAMENTO,BELEZA,MANICURE E PEDICURE,REMOVEDOR ESMALTE,SEM ACETONA,,,REMOVEDOR,REGULAR
37,REMOVEDOR  DE ESMALTE ASPA 100ML,ASPA,NAO MEDICAMENTO,BELEZA,MANICURE E PEDICURE,REMOVEDOR ESMALTE,SEM ACETONA,,,REMOVEDOR,REGULAR
38,ADSTRINGENTE DERMACREAM PO P/ MANICU 3G,DERMACREAM,NAO MEDICAMENTO,BELEZA,MANICURE E PEDICURE,REMOVEDOR ESMALTE,SEM ACETONA,,,REMOVEDOR,REGULAR
39,ALICATE DAUF CABO PLÁTICO BRANCO+ESPÁTULA DUPLA,DAUF,NAO MEDICAMENTO,BELEZA,MANICURE E PEDICURE,ALICATE,REGULAR,,,ACESSORIOS MANIC. PED,PLASTICO
40,UNHAS YOUCARE NATURAL QUADRADO CURTO COM 36 UNIDADES,YOUCARE,NAO MEDICAMENTO,BELEZA,MANICURE E PEDICURE,UNHA POSTICA,KIT,,,ACESSORIOS MANIC. PED,NAO DEFINIDO
41,KIT LIXA NOVO VISUAL + PALITO 31001,NOVO VISUAL,NAO MEDICAMENTO,BELEZA,MANICURE E PEDICURE,LIXA,KIT,,,ACESSORIOS MANIC. PED,UNHA
42,LIXA BELLIZ MODEL SUAVE,BELLIZ,NAO MEDICAMENTO,BELEZA,MANICURE E PEDICURE,LIXA,REGULAR,,,ACESSORIOS MANIC. PED,UNHA
43,KIT MERHEJE ELITE MIX PROFISSIONAL,MERHEJE,NAO MEDICAMENTO,BELEZA,MANICURE E PEDICURE,ALICATE,KIT,,,ACESSORIOS MANIC. PED,NAO DEFINIDO
44,PALITO GROSSO 2 PONT C 5 BE BETTER 1UN,BE BETTER,NAO MEDICAMENTO,BELEZA,MANICURE E PEDICURE,PALITO,KIT,,,ACESSORIOS MANIC. PED,MADEIRA
45,CONJ MERHEJE DE ALICATE PARA CUTICULAS E ESPATULA TOUCH,MERHEJE,NAO MEDICAMENTO,BELEZA,MANICURE E PEDICURE,ALICATE,KIT,,,ACESSORIOS MANIC. PED,PLASTICO
46,ESPATULA BE BETTER 1UND,BE BETTER,NAO MEDICAMENTO,BELEZA,MANICURE E PEDICURE,ESPATULA,NAO DEFINIDO,,,ACESSORIOS MANIC. PED,NAO DEFINIDO
47,UNHAS AUTOCOLANTES  KISSNY IMPRESS CURTA MATCHMAKER COM 24 UNHAS,KISS NEW YORK,NAO MEDICAMENTO,BELEZA,MANICURE E PEDICURE,UNHA POSTICA,KIT,,,ACESSORIOS MANIC. PED,NAO DEFINIDO
48,DILUENTE DE ESMALTES OLEO DE BANANA ALYNE 100ML,ALYNE,NAO MEDICAMENTO,BELEZA,MANICURE E PEDICURE,REMOVEDOR ESMALTE,OLEO,,,ACESSORIOS MANIC. PED,REGULAR
49,CANETA DECORATIVA UNHA RISQUÉ BRANCO NEVE 2ML,RISQUE,NAO MEDICAMENTO,BELEZA,MANICURE E PEDICURE,CANETA DECORATIVA,REGULAR,,,ACESSORIOS MANIC. PED,NAO DEFINIDO
50,ALICATE DOU PREMAX 1062,PREMAX,NAO MEDICAMENTO,BELEZA,MANICURE E PEDICURE,ALICATE,REGULAR,,,ACESSORIOS MANIC. PED,NAO DEFINIDO
51,LIXA MERHEJE GOLD BASIC,MERHEJE,NAO MEDICAMENTO,BELEZA,MANICURE E PEDICURE,LIXA,REGULAR,,,ACESSORIOS MANIC. PED,UNHA
52,UNHA POST BELLIZ GLOSSY,BELLIZ,NAO MEDICAMENTO,BELEZA,MANICURE E PEDICURE,UNHA POSTICA,REGULAR,,,ACESSORIOS MANIC. PED,NAO DEFINIDO
53,LIXA NOVO VISUAL T31007 6UND,NOVO VISUAL,NAO MEDICAMENTO,BELEZA,MANICURE E PEDICURE,LIXA,KIT,,,ACESSORIOS MANIC. PED,UNHA
54,UNHA POST BELLIZ QUAD MEDIA 24UND,BELLIZ,NAO MEDICAMENTO,BELEZA,MANICURE E PEDICURE,NAO DEFINIDO,NAO CLASSIFICADO,,,ACESSORIOS MANIC. PED,NAO CLASSIFICADO
55,ALICATE AMORAVEL LAVANDA,AMORAVEL,NAO MEDICAMENTO,BELEZA,MANICURE E PEDICURE,ALICATE,REGULAR,,,ACESSORIOS MANIC. PED,NAO DEFINIDO
56,TESOURA DAUF UNHA RETA INOX,DAUF,NAO MEDICAMENTO,BELEZA,MANICURE E PEDICURE,TESOURA,REGULAR,,,ACESSORIOS MANIC. PED,INOX
57,KIT MERHEJE LIMA SAFIRA 107,MERHEJE,NAO MEDICAMENTO,BELEZA,MANICURE E PEDICURE,ESMALTE,COR,,,ACESSORIOS MANIC. PED,REGULAR
58,RALA CALO PLASTICO BE BETTER COM 1UN,BE BETTER,NAO MEDICAMENTO,BELEZA,MANICURE E PEDICURE,RALADOR,NAO DEFINIDO,,,ACESSORIOS MANIC. PED,NAO DEFINIDO
59,ALICATE PARA CUTICULA TRAMONTINA INOX 1 UNIDADE,TRAMONTINA,NAO MEDICAMENTO,BELEZA,MANICURE E PEDICURE,ALICATE,REGULAR,,,ACESSORIOS MANIC. PED,INOX
60,ALICATE AMORAVEL 758 + ESPATULA ROSA,DAUF,NAO MEDICAMENTO,BELEZA,MANICURE E PEDICURE,ALICATE,KIT,,,ACESSORIOS MANIC. PED,NAO DEFINIDO
61,UNHAS YOUCARE QUICK PURPLE AUTOADESIVAS CURTO COM 24 UNIDADES,YOUCARE,NAO MEDICAMENTO,BELEZA,MANICURE E PEDICURE,UNHA POSTICA,KIT,,,ACESSORIOS MANIC. PED,NAO DEFINIDO
62,UNHA POST BELLIZ RED WINE,BELLIZ,NAO MEDICAMENTO,BELEZA,MANICURE E PEDICURE,UNHA POSTICA,REGULAR,,,ACESSORIOS MANIC. PED,NAO DEFINIDO
63,UNHAS POST IMPRESS BY KISS NY MATTE MEDIA SECRET 1 UNIDADE,KISS NY,NAO MEDICAMENTO,BELEZA,MANICURE E PEDICURE,UNHA POSTICA,REGULAR,,,ACESSORIOS MANIC. PED,NAO DEFINIDO
64,CANETA DECORATIVA UNHA RISQUÉ PRETO NOITE 2ML,RISQUE,NAO MEDICAMENTO,BELEZA,MANICURE E PEDICURE,CANETA DECORATIVA,REGULAR,,,ACESSORIOS MANIC. PED,NAO DEFINIDO
65,ALICATE MERHEJE 997,MERHEJE,NAO MEDICAMENTO,BELEZA,MANICURE E PEDICURE,ALICATE,REGULAR,,,ACESSORIOS MANIC. PED,NAO DEFINIDO
66,CANETA DECORATIVA UNHA RISQUÉ OURO GLAMOUR 2ML,RISQUE,NAO MEDICAMENTO,BELEZA,MANICURE E PEDICURE,CANETA DECORATIVA,REGULAR,,,ACESSORIOS MANIC. PED,NAO DEFINIDO
67,LIXA ZALIKE PARA PES 854,ZALIKE,NAO MEDICAMENTO,BELEZA,MANICURE E PEDICURE,LIXA,REGULAR,,,ACESSORIOS MANIC. PED,PES
68,ALICATE MUNDIAL UNHA 520,MUNDIAL,NAO MEDICAMENTO,BELEZA,MANICURE E PEDICURE,ALICATE,REGULAR,,,ACESSORIOS MANIC. PED,NAO DEFINIDO
69,PEDRA POMES NOVO VISUAL T448,NOVO VISUAL,NAO MEDICAMENTO,BELEZA,MANICURE E PEDICURE,LIXA,REGULAR,,,ACESSORIOS MANIC. PED,PES
70,LIXA ETILUX 19CM T1196,ETILUX,NAO MEDICAMENTO,BELEZA,MANICURE E PEDICURE,LIXA,REGULAR,,,ACESSORIOS MANIC. PED,UNHA
71,KIT MANICURE AMORAVEL ELETRICO 5EM1,AMORAVEL,NAO MEDICAMENTO,BELEZA,MANICURE E PEDICURE,ESFOLIANTE,ESFOLIANTE ELETRONICO,,,ACESSORIOS MANIC. PED,KIT
72,LIXA AMORÁVEL FUN COM 2 UNIDADES,AMORAVEL,NAO MEDICAMENTO,BELEZA,MANICURE E PEDICURE,LIXA,KIT,,,ACESSORIOS MANIC. PED,UNHA
73,UNHA POSTIÇA KISS NY IMPRESS CURTO TWEETHEART,KISS NEW YORK,NAO MEDICAMENTO,BELEZA,MANICURE E PEDICURE,UNHA POSTICA,REGULAR,,,ACESSORIOS MANIC. PED,NAO DEFINIDO
74,CORTADOR DE UNHA MUNDIAL BABY CARE ,MUNDIAL,NAO MEDICAMENTO,BELEZA,MANICURE E PEDICURE,CORTADOR,REGULAR,,,ACESSORIOS MANIC. PED,NAO DEFINIDO
75,LIXA NOVO VISUAL ANATOMICA COLOR,NOVO VISUAL,NAO MEDICAMENTO,BELEZA,MANICURE E PEDICURE,LIXA,REGULAR,,,ACESSORIOS MANIC. PED,PES
76,LIXA MARCO BONI PARA UNHA POLIMENTO E BRILHO,MARCO BONI,NAO MEDICAMENTO,BELEZA,MANICURE E PEDICURE,LIXA,REGULAR,,,ACESSORIOS MANIC. PED,UNHA
77,COLA PARA UNHA KISSNY SECAGEM RAPIDA,KISS NEW YORK,NAO MEDICAMENTO,BELEZA,MANICURE E PEDICURE,COLA,REGULAR,,,ACESSORIOS MANIC. PED,UNHA
78,ALICATE PARA CUTÍCULA SANDY,MUNDIAL,NAO MEDICAMENTO,BELEZA,MANICURE E PEDICURE,ALICATE,REGULAR,,,ACESSORIOS MANIC. PED,KIT ACESSORIOS
79,ALICATE AMORAVEL 758 + ESPATULA BRANCA,DAUF,NAO MEDICAMENTO,BELEZA,MANICURE E PEDICURE,ALICATE,KIT,,,ACESSORIOS MANIC. PED,NAO DEFINIDO
80,MINI LIXA 9 MOSTARDA C 24 BE BETTER 1UN,BE BETTER,NAO MEDICAMENTO,BELEZA,MANICURE E PEDICURE,LIXA,REGULAR,,,ACESSORIOS MANIC. PED,UNHA
81,UNHAS YOUCARE QUICK PELLET AUTO ADESIVAS CURTO COM 24 UNIDADES,YOUCARE,NAO MEDICAMENTO,BELEZA,MANICURE E PEDICURE,UNHA POSTICA,KIT,,,ACESSORIOS MANIC. PED,NAO DEFINIDO
82,CALCANHEIRA DR. SCHOLLS MASCULINA+LIXA DUPLA FACE DR. SCHOLLS FOR HER GRÁTIS CREME REPARADOR PARA OS PÉS FOR HER DR. SCHOLLS 99G,DR SCHOLLS,NAO MEDICAMENTO,BELEZA,MANICURE E PEDICURE,LIXA,KIT,,,ACESSORIOS MANIC. PED,PES
83,ALICATE DAUF UNHA AÇO INOX,DAUF,NAO MEDICAMENTO,BELEZA,MANICURE E PEDICURE,ALICATE,REGULAR,,,ACESSORIOS MANIC. PED,NAO DEFINIDO
84,UNHA POST BELLIZ FRANCE SALM 24UND,BELLIZ,NAO MEDICAMENTO,BELEZA,MANICURE E PEDICURE,UNHA POSTICA,REGULAR,,,ACESSORIOS MANIC. PED,NAO DEFINIDO
85,TESOURA ETILUX FLEX 5 T1637N,ETILUX,NAO MEDICAMENTO,BELEZA,MANICURE E PEDICURE,TESOURA,REGULAR,,,ACESSORIOS MANIC. PED,NAO DEFINIDO
86,UNHA POST BELLIZ DECORADAS T02 24UND,BELLIZ,NAO MEDICAMENTO,BELEZA,MANICURE E PEDICURE,UNHA POSTICA,REGULAR,,,ACESSORIOS MANIC. PED,NAO DEFINIDO
87,UNHAS POST IMPRESS KISS NY UNHA IMPRESS AMENDOADA QUARTZ,IMPRESS,NAO MEDICAMENTO,BELEZA,MANICURE E PEDICURE,UNHA POSTICA,REGULAR,,,ACESSORIOS MANIC. PED,NAO DEFINIDO
88,TESOURA BELLIZ TEEN,BELLIZ,NAO MEDICAMENTO,BELEZA,MANICURE E PEDICURE,TESOURA,REGULAR,,,ACESSORIOS MANIC. PED,NAO DEFINIDO
89,PROT DE BACIA VERTIX PEDICURE 5,VERTIX,NAO MEDICAMENTO,BELEZA,MANICURE E PEDICURE,NAO DEFINIDO,NAO DEFINIDO,,,ACESSORIOS MANIC. PE,NAO DEFINIDO
90,ESMALTE RISQUE MULHER MARAVILHA BELA PODEROSA CREMOSO 8ML,RISQUE,NAO MEDICAMENTO,BELEZA,MANICURE E PEDICURE,ESMALTE,COR,,,ESMALTACAO,REGULAR
91,ESMALTE VULT SAIA CROCHÊ 8ML SEM BLISTER,VULT,NAO MEDICAMENTO,BELEZA,MANICURE E PEDICURE,ESMALTE,COR,,,ESMALTACAO,REGULAR
92,ESMALTE RISQUE AMARRAÇÃO DO AMOR CREMOSO 8ML NU,RISQUE,NAO MEDICAMENTO,BELEZA,MANICURE E PEDICURE,ESMALTE,COR,,,ESMALTACAO,REGULAR
93,ESM DAILUS TOP COAT BRILHO - QUE TUDO TERMINE EM BRILHO 8ML,DAILUS,NAO MEDICAMENTO,BELEZA,MANICURE E PEDICURE,ESMALTE,BASE,,,ESMALTACAO,REGULAR
94,ESMALTE COLOR NUTRIVERNIZ UVA COM 8ML,COLORAMA,NAO MEDICAMENTO,BELEZA,MANICURE E PEDICURE,ESMALTE,COR,,,ESMALTACAO,REGULAR
95,ESMALTE RISQUE SHOW DE BOLA METALICO 8ML,RISQUE,NAO MEDICAMENTO,BELEZA,MANICURE E PEDICURE,ESMALTE,COR,,,ESMALTACAO,REGULAR
96,"ESMALTE RISQUE DIAMOND GEL VINHO BORDO 9,5ML",RISQUE,NAO MEDICAMENTO,BELEZA,MANICURE E PEDICURE,ESMALTE,COR,,,ESMALTACAO,REGULAR
97,ESMALTE RISQUÉ BASE SEMI BRILHO COM 8ML,RISQUE,NAO MEDICAMENTO,BELEZA,MANICURE E PEDICURE,ESMALTE,BASE,,,ESMALTACAO,REGULAR
98,ESMALTE COLORAMA NUTRI VERNIZ BRANCO ZEN COM 8 ML,COLORAMA,NAO MEDICAMENTO,BELEZA,MANICURE E PEDICURE,ESMALTE,COR,,,ESMALTACAO,REGULAR
99,ESMALTE CREMOSO COLORAMA SOLTE SUAS CORES SELFIE NO PELOURINHO 8ML,COLORAMA,NAO MEDICAMENTO,BELEZA,MANICURE E PEDICURE,ESMALTE,COR,,,ESMALTACAO,REGULAR
100,ESMALTE COLORAMA PEQUENAS DELÍCIAS GRAMA MOLHADA 8ML,COLORAMA,NAO MEDICAMENTO,BELEZA,MANICURE E PEDICURE,ESMALTE,COR,,,ESMALTACAO,REGULAR
101,ESM REVLON CREM SHEER PETAL 14.7ML,REVLON,NAO MEDICAMENTO,BELEZA,MANICURE E PEDICURE,ESMALTE,BASE,,,ESMALTACAO,REGULAR
102,ESMALTE CREMOSO COLORAMA BRASILEIRICES PARTIU 8ML,COLORAMA,NAO MEDICAMENTO,BELEZA,MANICURE E PEDICURE,ESMALTE,COR,,,ESMALTACAO,REGULAR
103,ESMALTE RISQUE REVOLUÇÃO DAS CORES MENTA.LIZA 8ML SEM BLISTER,RISQUE,NAO MEDICAMENTO,BELEZA,MANICURE E PEDICURE,ESMALTE,COR,,,ESMALTACAO,REGULAR
104,ESMALTE COLORAMA NATURAL TRANSPARENTE BOLA DE GUDE 8ML,COLORAMA,NAO MEDICAMENTO,BELEZA,MANICURE E PEDICURE,ESMALTE,COR,,,ESMALTACAO,REGULAR
105,"ESMALTE MARROM RISQUÉ DIAMOND GEL MOCACCINO CREMOSO 9,5ML",RISQUE,NAO MEDICAMENTO,BELEZA,MANICURE E PEDICURE,ESMALTE,COR,,,ESMALTACAO,REGULAR
106,ESMALTE RISQUÉ METÁLICO ME ENCONTRA NO LETREIRO LOLLAPALOOZA BRASIL 8ML,RISQUE,NAO MEDICAMENTO,BELEZA,MANICURE E PEDICURE,ESMALTE,COR,,,ESMALTACAO,REGULAR
107,ESMALTE DAILUS FLAMIMOS ENAMORADO VEGANO 8ML SEM BLISTER,DAILUS,NAO MEDICAMENTO,BELEZA,MANICURE E PEDICURE,ESMALTE,COR,,,ESMALTACAO,REGULAR
108,ESMALTE DAILUS ATRÁS DO ARCO ÍRIS NUVEM DE ALGODÃO 8ML SEM BLISTER,DAILUS,NAO MEDICAMENTO,BELEZA,MANICURE E PEDICURE,ESMALTE,COR,,,ESMALTACAO,REGULAR
109,ESMALTE OPI SICKENINGLY SWEET 15ML,OPI,NAO MEDICAMENTO,BELEZA,MANICURE E PEDICURE,ESMALTE,COR,,,ESMALTACAO,REGULAR
110,ESMALTE RISQUE CREMOSO DOCE PEROLA 8ML,RISQUE,NAO MEDICAMENTO,BELEZA,MANICURE E PEDICURE,ESMALTE,COR,,,ESMALTACAO,REGULAR
111,ESMALTE DAILUS DEVENDO E LUXANDO TA PASSADA 8ML SEM BLISTER,DAILUS,NAO MEDICAMENTO,BELEZA,MANICURE E PEDICURE,ESMALTE,COR,,,ESMALTACAO,REGULAR
112,ESMALTE CREMOSO COLORAMA NUDES REAIS ASSUMIDA SEM BLISTER 8ML,COLORAMA,NAO MEDICAMENTO,BELEZA,MANICURE E PEDICURE,ESMALTE,COR,,,ESMALTACAO,REGULAR
113,ESMALTE RISQUÉ ME DEIXA AMEIXA CREMOSO 8ML,RISQUE,NAO MEDICAMENTO,BELEZA,MANICURE E PEDICURE,ESMALTE,COR,,,ESMALTACAO,REGULAR
114,ESMALTE COLORAMA UNIVERSO PARALELO PRETO INTERGALÁCTICO EFEITOS 8ML,COLORAMA,NAO MEDICAMENTO,BELEZA,MANICURE E PEDICURE,ESMALTE,COR,,,ESMALTACAO,REGULAR
115,ESMALTE CREMOSO COLORAMA BARBIE BOSS 8ML,COLORAMA,NAO MEDICAMENTO,BELEZA,MANICURE E PEDICURE,ESMALTE,COR,,,ESMALTACAO,REGULAR
116,ESMALTE COLORAMA CREMOSO LEITE DE COCO 8ML,COLORAMA,NAO MEDICAMENTO,BELEZA,MANICURE E PEDICURE,ESMALTE,COR,,,ESMALTACAO,REGULAR
117,ESMALTE COLORAMA BRASILEIRICES EFEITOS ESPECIAIS METÁLICO MEU REI 8ML,COLORAMA,NAO MEDICAMENTO,BELEZA,MANICURE E PEDICURE,ESMALTE,COR,,,ESMALTACAO,REGULAR
118,ESMALTE OPI WICKED WONDERFULLEST 15ML,OPI,NAO MEDICAMENTO,BELEZA,MANICURE E PEDICURE,ESMALTE,COR,,,ESMALTACAO,REGULAR
119,ESMALTE RISQUE METALICO ASTROLOGIA EM CORES MEU HOROSCOPO DO DIA  8ML SEM BLISTER,RISQUE,NAO MEDICAMENTO,BELEZA,MANICURE E PEDICURE,ESMALTE,COR,,,ESMALTACAO,REGULAR
120,ESMALTE RISQUÉ METÁLICO BORA PRO MORRINHO LOLLAPALOOZA BRASIL FRASCO 8ML,RISQUE,NAO MEDICAMENTO,BELEZA,MANICURE E PEDICURE,ESMALTE,COR,,,ESMALTACAO,REGULAR
121,ESMALTE COLORAMA MAIA,COLORAMA,NAO MEDICAMENTO,BELEZA,MANICURE E PEDICURE,ESMALTE,COR,,,ESMALTACAO,REGULAR
122,ESMALTE COLORAMA NAMORO NAT,COLORAMA,NAO MEDICAMENTO,BELEZA,MANICURE E PEDICURE,ESMALTE,COR,,,ESMALTACAO,REGULAR
123,ESM DAILUS MORENA 8ML,DAILUS,NAO MEDICAMENTO,BELEZA,MANICURE E PEDICURE,ESMALTE,BASE,,,ESMALTACAO,REGULAR
124,ESM RISQUE METALICO ROSA PITANGA 8ML,RISQUE,NAO MEDICAMENTO,BELEZA,MANICURE E PEDICURE,ESMALTE,BASE,,,ESMALTACAO,REGULAR
125,ESMALTE COLOROMA GEL 10 DIAS TOP COAT 8ML,COLORAMA,NAO MEDICAMENTO,BELEZA,MANICURE E PEDICURE,ESMALTE,COR,,,ESMALTACAO,REGULAR
126,ESMALTE RISQUÉ  CREMOSO QUERIDA LEITORA BRIDGERTON 8ML,RISQUE,NAO MEDICAMENTO,BELEZA,MANICURE E PEDICURE,ESMALTE,COR,,,ESMALTACAO,REGULAR
127,ESMALTE DAILUS GOOD VIBEZINHA SE POUPE ME POUPE 8ML,DAILUS,NAO MEDICAMENTO,BELEZA,MANICURE E PEDICURE,ESMALTE,COR,,,ESMALTACAO,REGULAR
128,ESM DAILUS ME CHAMA NO ZOOM - TENHO UM CALL 8ML,DAILUS,NAO MEDICAMENTO,BELEZA,MANICURE E PEDICURE,ESMALTE,BASE,,,ESMALTACAO,REGULAR
129,ESMALTE RISQUE COLECIONISTAS CREMOSO MEUS SOUVENIRS 8ML,RISQUE,NAO MEDICAMENTO,BELEZA,MANICURE E PEDICURE,ESMALTE,COR,,,ESMALTACAO,REGULAR
130,SECANTE DE ESMALTE CARE LISS LEVE 400 ML PAGUE 320ML,CARE LISS,NAO MEDICAMENTO,BELEZA,MANICURE E PEDICURE,SECANTE,AEROSOL,,,ESMALTACAO,REGULRA
131,"ESMALTE CORAL RISQUÉ DIAMOND GEL SMOOTHIE DE PÊSSEGO CREMOSO 9,5ML",RISQUE,NAO MEDICAMENTO,BELEZA,MANICURE E PEDICURE,ESMALTE,COR,,,ESMALTACAO,REGULAR
132,ESMALTE CREMOSO COLORAMA BLACK 8ML ,COLORAMA,NAO MEDICAMENTO,BELEZA,MANICURE E PEDICURE,ESMALTE,COR,,,ESMALTACAO,REGULAR
133,ESMALTE COLORAMA PIMENTINHA EFEITOS ESPECIAIS PITADINHA 8ML,COLORAMA,NAO MEDICAMENTO,BELEZA,MANICURE E PEDICURE,ESMALTE,COR,,,ESMALTACAO,REGULAR
134,ESMALTE CREMOSO COLORAMA FRANÇA 8ML,COLORAMA,NAO MEDICAMENTO,BELEZA,MANICURE E PEDICURE,ESMALTE,COR,,,ESMALTACAO,REGULAR
135,ESMALTE COLORAMA PIMENTINHA EFEITOS ESPECIAIS PICANTE 8ML,COLORAMA,NAO MEDICAMENTO,BELEZA,MANICURE E PEDICURE,ESMALTE,COR,,,ESMALTACAO,REGULAR
136,ESMALTE RISQUE PRECONCEITO FLOPOU 8ML SEM BLISTER,RISQUE,NAO MEDICAMENTO,BELEZA,MANICURE E PEDICURE,ESMALTE,COR,,,ESMALTACAO,REGULAR
137,ESMALTE COLORAMA COPA DAS CORES COBERTURA BRONZE 8ML,COLORAMA,NAO MEDICAMENTO,BELEZA,MANICURE E PEDICURE,ESMALTE,COR,,,ESMALTACAO,REGULAR
138,ESMALTE VULT VINHEDO 8ML SEM BLISTER,VULT,NAO MEDICAMENTO,BELEZA,MANICURE E PEDICURE,ESMALTE,COR,,,ESMALTACAO,REGULAR
139,ESMALTE RISQUE BASE SEMI BRILHO 8ML,RISQUE,NAO MEDICAMENTO,BELEZA,MANICURE E PEDICURE,ESMALTE,BASE,,,ESMALTACAO,REGULAR
140,GEL PARA PÉS E PERNAS CANSADAS GRANADO PINK 120G,GRANADO,NAO MEDICAMENTO,BELEZA,MANICURE E PEDICURE,HIDRATANTE,GEL,,,CUIDADOS MANIC. PEDIC.,NAO DEFINIDO
141,ESCALDA PÉS GRANADO PINK COM 5 SACHÊS,GRANADO,NAO MEDICAMENTO,BELEZA,MANICURE E PEDICURE,HIDRATANTE,PO,,,CUIDADOS MANIC. PEDIC.,NAO DEFINIDO
142,TRATOPE CREME 30G,TRATOPE,NAO MEDICAMENTO,BELEZA,MANICURE E PEDICURE,HIDRATANTE,CREME,,,CUIDADOS MANIC. PEDIC.,NAO DEFINIDO
143,HIDRATANTE PARA OS PES AGUA RABELO 100G,AGUA RABELO,NAO MEDICAMENTO,BELEZA,MANICURE E PEDICURE,HIDRATANTE,CREME,,,CUIDADOS MANIC. PEDIC.,NAO DEFINIDO
144,KIT GRANADO SPA MAOS PERFEITAS CREME PARA CUTÍCULAS 100G + ÓLEO FORTALECEDOR DE UNHAS 10ML + CERA NUTRITIVA 7G + CREME PARA AS MÃOS 60G,GRANADO,NAO MEDICAMENTO,BELEZA,MANICURE E PEDICURE,HIDRATANTE,CREME,,,CUIDADOS MANIC. PEDIC.,NAO DEFINIDO
145,GEL PROTETOR DE CALOS E BOLHAS GRANADO PINK 45G,GRANADO,NAO MEDICAMENTO,BELEZA,MANICURE E PEDICURE,PROTETOR DE CALO,CREME,,,CUIDADOS MANIC. PEDIC.,NAO DEFINIDO
146,HIDRATANTE GRANADO REPARADOR DE CALCANHAR DANIFICADOS PINK 20G,GRANADO,NAO MEDICAMENTO,BELEZA,MANICURE E PEDICURE,HIDRATANTE,CREME,,,CUIDADOS MANIC. PEDIC.,NAO DEFINIDO
147,ÓLEO FORTALECEDOR DE UNHAS GRANADO PINK 30ML,GRANADO,NAO MEDICAMENTO,BELEZA,MANICURE E PEDICURE,FORTALECEDORES UNHAS,OLEO,,,CUIDADOS MANIC. PEDIC.,REGULAR
148,KIT  GRANADO CREME PARA MÃOS NEUTRALIZA ODORES 60G + CERA NUTRITIVA UNHAS E CUTÍCULAS 7G,GRANADO,NAO MEDICAMENTO,BELEZA,MANICURE E PEDICURE,HIDRATANTE,CERA,,,CUIDADOS MANIC. PEDIC.,NAO DEFINIDO
149,APARELHO ESFOLIANTE ELETRICO PARA PE PAGUE MENOS,PAGUE MENOS,NAO MEDICAMENTO,BELEZA,MANICURE E PEDICURE,ESFOLIANTE,ESFOLIANTE ELETRONICO,,,CUIDADOS MANIC. PEDIC.,REGULAR
150,CANETA HIDRATANTE DE CUTICULA OCEANE FEMME,OCEANE,NAO MEDICAMENTO,BELEZA,MANICURE E PEDICURE,HIDRATANTE,CREME,,,CUIDADOS MANIC. PEDIC.,NAO DEFINIDO
151,OLEO PARA PERNAS E OS ARNICA E ME 120ML,IDEAL,NAO MEDICAMENTO,BELEZA,MANICURE E PEDICURE,HIDRATANTE,OLEO,,,CUIDADOS MANIC. PEDIC.,NAO DEFINIDO
152,HIDRATANTE DIÁRIO AMOPÉ PARA PERNAS E PÉS 250ML,AMOPE,NAO MEDICAMENTO,BELEZA,MANICURE E PEDICURE,HIDRATANTE,CREME,,,CUIDADOS MANIC. PEDIC.,NAO DEFINIDO
153,CERA GRANADO NUTRITIVA PINK 7G,GRANADO,NAO MEDICAMENTO,BELEZA,MANICURE E PEDICURE,HIDRATANTE,CERA,,,CUIDADOS MANIC. PEDIC.,NAO DEFINIDO
154,LOC PRONATUS AMOLECE CUTICULA 3,PRONATUS,NAO MEDICAMENTO,BELEZA,MANICURE E PEDICURE,REMOVEDOR DE CUTICULA,CREME,,,CUIDADOS MANIC. PEDIC.,NAO DEFINIDO
155,HIDRATANTE FORTILON PERNAS CANSADAS 120G,FORTILON,NAO MEDICAMENTO,BELEZA,MANICURE E PEDICURE,HIDRATANTE,CREME,,,CUIDADOS MANIC. PEDIC.,NAO DEFINIDO
156,CUTIDRAMA TOP BEAUTY CONTROLADO 35G,TOP BEAUTY,NAO MEDICAMENTO,BELEZA,MANICURE E PEDICURE,HIDRATANTE,HIDRATANTE CREME,,,CUIDADOS MANIC. PEDIC.,REDUTOR DE CUTICULAS
157,CREME HIDRATANTE PARA PÉS NUPILL 120G,NUPILL,NAO MEDICAMENTO,BELEZA,MANICURE E PEDICURE,HIDRATANTE,CREME,,,CUIDADOS MANIC. PEDIC.,NAO DEFINIDO
158,CREME PARA PÉS HIDRATANTE DR. SCHOLL&#39;S COM 60G,DR SCHOLLS,NAO MEDICAMENTO,BELEZA,MANICURE E PEDICURE,HIDRATANTE,CREME,,,CUIDADOS MANIC. PEDIC.,NAO DEFINIDO
159,ONICUT GEL 5ML,ONICUT,NAO MEDICAMENTO,BELEZA,MANICURE E PEDICURE,FORTALECEDORES UNHAS,OLEO,,,CUIDADOS MANIC. PEDIC.,REGULAR
160,CREME PARA CUTÍCULAS GRANADO PINK 100G,GRANADO,NAO MEDICAMENTO,BELEZA,MANICURE E PEDICURE,HIDRATANTE,CREME,,,CUIDADOS MANIC. PEDIC.,NAO DEFINIDO
161,ANTITRANSPIRANTE FORTILON MÃOS E PÉS 100G,FORTILON,NAO MEDICAMENTO,BELEZA,MANICURE E PEDICURE,HIDRATANTE,CREME,,,CUIDADOS MANIC. PEDIC.,NAO DEFINIDO
162,ESFOLIANTE TENYS PÉ BARUEL WOMAN 100G,TENYS PE,NAO MEDICAMENTO,BELEZA,MANICURE E PEDICURE,ESFOLIANTE,CREME,,,CUIDADOS MANIC. PEDIC.,NAO DEFINIDO
163,CREME PARA OS PÉS AMORÁVEL 90G,AMORAVEL,NAO MEDICAMENTO,BELEZA,MANICURE E PEDICURE,HIDRATANTE,CREME,,,CUIDADOS MANIC. PEDIC.,NAO DEFINIDO
164,APARELHO ESFOLIADOR ELETRÔNICO PARA OS PÉS AMOPÉ,AMOPE,NAO MEDICAMENTO,BELEZA,MANICURE E PEDICURE,ESFOLIANTE,ESFOLIANTE ELETRONICO,,,CUIDADOS MANIC. PEDIC.,REGULAR
165,GEL PARA PÉS E PERNAS REFRESCANTES AGUA RABELO 90G,AGUA RABELO,NAO MEDICAMENTO,BELEZA,MANICURE E PEDICURE,HIDRATANTE,GEL,,,CUIDADOS MANIC. PEDIC.,NAO DEFINIDO
166,KIT APARELHO ESFOLIADOR ELETRÔNICO PARA OS PÉS AMOPÉ GRÁTIS SÉRUM DE HIDRATAÇÃO INTENSA AMOPÉ 30ML,AMOPE,NAO MEDICAMENTO,BELEZA,MANICURE E PEDICURE,ESFOLIANTE,ESFOLIANTE ELETRONICO,,,CUIDADOS MANIC. PEDIC.,REGULAR
167,LEITE DE IMERSÃO PARA PÉS GRANADO PINK 110ML,GRANADO,NAO MEDICAMENTO,BELEZA,MANICURE E PEDICURE,HIDRATANTE,CREME,,,CUIDADOS MANIC. PEDIC.,NAO DEFINIDO
168,CREME TENYS PÉ BARUEL ANTIRRESSECAMENTO 60G,TENYS PE,NAO MEDICAMENTO,BELEZA,MANICURE E PEDICURE,HIDRATANTE,CREME,,,CUIDADOS MANIC. PEDIC.,NAO DEFINIDO
169,CREME REPARADOR PARA OS PÉS FOR HER DR. SCHOLLS 99G,DR SCHOLLS,NAO MEDICAMENTO,BELEZA,MANICURE E PEDICURE,HIDRATANTE,CREME,,,CUIDADOS MANIC. PEDIC.,NAO DEFINIDO
170,HIDRATANTE FORTILON PÉS RESSECADOS 120G,FORTILON,NAO MEDICAMENTO,BELEZA,MANICURE E PEDICURE,HIDRATANTE,CREME,,,CUIDADOS MANIC. PEDIC.,NAO DEFINIDO
171,REMOV DE CUTICULA VELOX SANTE 15ML,VELOX,NAO MEDICAMENTO,BELEZA,MANICURE E PEDICURE,REMOVEDOR DE CUTICULA,CREME,,,CUIDADOS MANIC. PEDIC.,NAO DEFINIDO
172,CREME PARA PÉS ULTRA ESFOLIANTE DR. SCHOLL&#39;S  COM 60G,DR SCHOLLS,NAO MEDICAMENTO,BELEZA,MANICURE E PEDICURE,ESFOLIANTE,CREME,,,CUIDADOS MANIC. PEDIC.,NAO DEFINIDO
173,GNANO HIDRATANTE PARA PÉS E ÁREAS RESSECADAS 60G,DAUF,NAO MEDICAMENTO,BELEZA,MANICURE E PEDICURE,HIDRATANTE,CREME,,,CUIDADOS MANIC. PEDIC.,NAO DEFINIDO
174,FOOTNER ESPUMA HIDRATANTE PARA OS PÉS 100ML,FOOTNER,NAO MEDICAMENTO,BELEZA,MANICURE E PEDICURE,HIDRATANTE,ESPUMA,,,CUIDADOS MANIC. PEDIC.,NAO DEFINIDO
175,FOOTNER MEIAS ESFOLIANTES COM 01 PAR GRÁTIS FOOTNER CANETA PARA REDUÇÃO DE CALOSIDADES,FOOTNER,NAO MEDICAMENTO,BELEZA,MANICURE E PEDICURE,ESFOLIANTE,CREME,,,CUIDADOS MANIC. PEDIC.,NAO DEFINIDO
176,MINANCORA ALÍVIO DO PÉ 80G,MINANCORA,NAO MEDICAMENTO,BELEZA,MANICURE E PEDICURE,HIDRATANTE,CREME,,,CUIDADOS MANIC. PEDIC.,NAO DEFINIDO
177,FOOTNER MEIAS ESFOLIANTES COM 01 PAR,FOOTNER,NAO MEDICAMENTO,BELEZA,MANICURE E PEDICURE,ESFOLIANTE,CREME,,,CUIDADOS MANIC. PEDIC.,NAO DEFINIDO
178,"CREME PARA CUTÍCULAS GRANADO PINK 3,5G",GRANADO,NAO MEDICAMENTO,BELEZA,MANICURE E PEDICURE,HIDRATANTE,CREME,,,CUIDADOS MANIC. PEDIC.,NAO DEFINIDO
179,SERUM OPI REPAIR MODE 9ML,OPI,NAO MEDICAMENTO,BELEZA,MANICURE E PEDICURE,FORTALECEDORES UNHAS,OLEO,,,CUIDADOS MANIC. PEDIC.,REGULAR
180,KIT SPA GRANADO PINK RELAXANTE PARA OS PÉS COM 01 SACHÊ ESCALDA PÉS + 01 MANTEIGA EMOLIENTE + 01ESFOLIANTE DE PEDRA POMES + + 01 GEL PARA PÉS E PERNAS,GRANADO,NAO MEDICAMENTO,BELEZA,MANICURE E PEDICURE,HIDRATANTE,CREME,,,CUIDADOS MANIC. PEDIC.,NAO DEFINIDO
181,ESFOLIANTE PARA OS PES AMORAVEL HIDRATANTE CREME 80G,AMORAVEL,NAO MEDICAMENTO,BELEZA,MANICURE E PEDICURE,ESFOLIANTE,CREME,,,CUIDADOS MANIC. PEDIC.,NAO DEFINIDO
182,KIT SPA DOS PÉS DAUF 5 PRODUTOS,DAUF,NAO MEDICAMENTO,BELEZA,MANICURE E PEDICURE,HIDRATANTE,PES E MAOS,,,CUIDADOS MANIC. PEDIC.,KIT
183,SÉRUM AMOPÉ 30ML,AMOPE,NAO MEDICAMENTO,BELEZA,MANICURE E PEDICURE,HIDRATANTE,SERUM,,,CUIDADOS MANIC. PEDIC.,NAO DEFINIDO
184,REMOV DE CUTICULA VELOX SANTE 35ML,VELOX,NAO MEDICAMENTO,BELEZA,MANICURE E PEDICURE,REMOVEDOR DE CUTICULA,CREME,,,CUIDADOS MANIC. PEDIC.,NAO DEFINIDO
185,FOOTNER CREME REPARADOR PARA CALCANHARES 75ML,FOOTNER,NAO MEDICAMENTO,BELEZA,MANICURE E PEDICURE,HIDRATANTE,CREME,,,CUIDADOS MANIC. PEDIC.,NAO DEFINIDO
186,ÓLEO FORTALECEDOR DE UNHAS GRANADO PINK 10ML,GRANADO,NAO MEDICAMENTO,BELEZA,MANICURE E PEDICURE,FORTALECEDORES UNHAS,OLEO,,,CUIDADOS MANIC. PEDIC.,REGULAR
187,LIXA MARCO BONI T6106,MARCO BONI,NAO MEDICAMENTO,BELEZA,MANICURE E PEDICURE,LIQUIDO,NAO CLASSIFICADO,,,CUIDADOS MANIC. PEDIC.,NAO CLASSIFICADO
188,CREME PARA CUTÍCULAS DAUF 25G,DAUF,NAO MEDICAMENTO,BELEZA,MANICURE E PEDICURE,HIDRATANTE,CREME,,,CUIDADOS MANIC. PEDIC.,NAO DEFINIDO
189,ESFOLIANTE GRANADO PEDRA POMES PINK COM 90G ,GRANADO,NAO MEDICAMENTO,BELEZA,MANICURE E PEDICURE,ESFOLIANTE,CREME,,,CUIDADOS MANIC. PEDIC.,NAO DEFINIDO
